,0
0,0.03399168
1,0.021082468
2,-0.03577477
3,-0.004576873
4,0.017748969
5,0.0065622856
6,-0.026717871
7,-0.023343237
8,-0.0364152
9,0.019584594
10,-0.00055294734
11,0.02505231
12,0.006708943
13,-0.018591246
14,-0.006707749
15,-0.021253182
16,-0.02606253
17,-0.003361225
18,-0.02182966
19,0.010052465
20,0.0065489393
21,0.008836545
22,0.029955901
23,0.03128799
24,0.028061673
25,-0.0007574584
26,-2.6044618e-06
27,-0.018285178
28,0.0060615162
29,-0.035538677
30,-0.0016721201
31,-0.037724026
32,0.01228424
33,-0.024764357
34,-0.024600502
35,0.037934165
36,-0.014596691
37,-0.0012646941
38,-0.0064079543
39,-0.022898367
40,-0.01623122
41,-0.018022573
42,-0.011706932
43,-0.010105037
44,0.0022526311
45,-0.00070712855
46,-0.0034475052
47,-0.015958164
48,-0.0470897
49,0.01585511
50,0.003045858
51,0.022640195
52,-0.01074092
53,-0.035224307
54,0.066997185
55,0.003268717
56,-0.078543834
57,-0.01543535
58,0.01401615
59,-0.0032478306
60,-0.006774984
61,-0.02224493
62,0.017455071
63,-0.041345093
64,-0.033793747
65,-0.01873043
66,0.019104721
67,0.021986453
68,0.0060866773
69,-0.040719654
70,0.0037539299
71,0.009926984
72,0.025055101
73,-0.0034318825
74,-0.018522276
75,0.00055900536
76,0.0080781905
77,0.046043564
78,-0.006888166
79,0.018727263
80,-0.051214624
81,-0.0018990566
82,0.010230617
83,-0.033754442
84,-0.021975756
85,-0.0097289225
86,-0.04328938
87,0.005628237
88,-0.0068360413
89,0.011383109
90,-0.036611736
91,-0.02212405
92,-0.001642989
93,0.015323289
94,-0.022604533
95,0.011511798
96,0.029988112
97,0.029265398
98,0.035108607
99,0.03216538
100,-0.0008642067
101,0.023001445
102,-0.01007275
103,0.00022673575
104,0.010835214
105,-0.009089468
106,-0.018452093
107,-0.036195874
108,-0.053085722
109,0.005035926
110,-0.030674553
111,0.04280834
112,0.0039451737
113,0.01567352
114,-0.019174224
115,-0.0428465
116,-0.020532887
117,0.0041754087
118,-0.015279426
119,-0.02360965
120,-0.051678568
121,-0.01395885
122,-0.009710876
123,0.026488231
124,0.059876088
125,0.019108513
126,-0.04269118
127,-0.010625881
128,0.009805732
129,0.007769921
130,0.012296777
131,-0.0242346
132,0.002575815
133,0.025950423
134,0.021617075
135,0.011497636
136,0.007280311
137,0.02481727
138,-0.014784762
139,0.01966559
140,0.014901126
141,0.00353822
142,0.007070308
143,0.028474145
144,-0.073338196
145,0.010069717
146,-0.027633607
147,0.018984659
148,0.04141435
149,-0.0011797806
150,-0.001354128
151,-0.03860363
152,0.022833388
153,0.012315869
154,0.043384124
155,0.021060975
156,0.007978047
157,0.009556167
158,0.0127608925
159,0.0021343874
160,0.007759918
161,0.021784037
162,-0.031328592
163,-0.0058772867
164,0.027859423
165,-0.003406755
166,0.0069149095
167,-0.015971834
168,-0.017937401
169,0.0129237715
170,0.017667497
171,0.009644974
172,0.03254024
173,0.030175718
174,-0.030298706
175,-0.00025231965
176,-0.031149512
177,0.0063056787
178,0.010323537
179,-0.034388185
180,0.015596336
181,-0.0018723037
182,-0.007710344
183,0.016207015
184,-0.004450617
185,0.024640447
186,0.024369942
187,0.010057937
188,0.027960166
189,-0.0008463082
190,0.007371076
191,0.050800893
192,-0.030481108
193,0.008831508
194,0.04175088
195,-0.008257468
196,-0.006381786
197,0.021330893
198,-0.048104897
199,0.0025026263
200,-0.014185574
201,0.01872214
202,0.000846925
203,0.017130006
204,-0.0072123646
205,0.0136899045
206,0.043545116
207,0.015060423
208,0.0071032504
209,0.017338067
210,-0.026668612
211,0.014993632
212,-0.010853644
213,0.016305953
214,-0.022066355
215,-0.019017989
216,-0.037858672
217,0.036505517
218,0.0078631
219,-0.009380405
220,0.044830974
221,-0.013085482
222,0.00017061278
223,0.018867152
224,0.012131328
225,0.022615448
226,-0.009265489
227,0.02361358
228,0.007291651
229,-0.0018965389
230,-0.015706025
231,0.009888441
232,-0.00197679
233,-0.016821932
234,-0.020425638
235,0.008465651
236,-0.006585999
237,0.032057997
238,-0.008424007
239,-0.016283216
240,0.037763577
241,0.005700875
242,-0.0058126315
243,0.029341297
244,0.009014826
245,-0.011888765
246,-0.011573677
247,-0.017208023
248,0.016784834
249,0.021319622
250,-0.0062280176
251,-0.0007190349
252,0.04223659
253,-0.027753007
254,0.01129524
255,-0.0069394284
256,-0.014759348
257,-0.027149105
258,0.006889337
259,-0.032618944
260,-0.008357092
261,-0.03118821
262,0.013707596
263,0.0035588173
264,0.016080966
265,-0.012453163
266,0.005060968
267,-0.006819225
268,-0.004617571
269,-0.02264874
270,-0.04050773
271,-0.018933328
272,-0.006019372
273,-0.014175603
274,-0.018034698
275,0.0075969268
276,0.0134321805
277,-0.02476693
278,0.0071683605
279,-0.020308167
280,0.025255198
281,-0.008381907
282,-0.011095549
283,0.029022215
284,-0.012127245
285,-0.016480926
286,-0.0057455264
287,0.016625442
288,-0.0069041075
289,-0.005334621
290,0.013229582
291,0.024271132
292,0.00496462
293,0.04536164
294,-0.015290954
295,-0.047114152
296,0.02417318
297,-0.0022213086
298,-0.01846597
299,0.029908018
300,0.013197994
301,-0.030920653
302,-0.000108847045
303,-0.008489049
304,-0.018555973
305,-0.028717881
306,0.013545213
307,0.02256873
308,0.018688964
309,0.002259696
310,0.016736543
311,0.0037933113
312,0.006738239
313,-0.0057072937
314,0.018933287
315,0.01700668
316,0.040440753
317,-0.04687528
318,0.00339542
319,0.00027296954
320,0.03648198
321,0.046592902
322,0.010415334
323,0.018585479
324,-0.041521624
325,0.024043303
326,0.0040954193
327,-0.0077162925
328,0.023617188
329,-0.032725073
330,0.047389276
331,0.034543715
332,0.059914008
333,0.049304288
334,0.021189855
335,-0.0101090325
336,-0.038909584
337,0.01479042
338,0.0073756916
339,0.01887083
340,-0.034190737
341,0.046922404
342,0.0003184418
343,0.03513885
344,-0.008726989
345,0.006192365
346,-0.0023498114
347,-0.0254076
348,0.02862316
349,-0.032048408
350,-0.022797996
351,0.05358185
352,0.013315979
353,-0.004821653
354,0.019293845
355,0.034327794
356,0.0202367
357,-0.00049875537
358,0.01575949
359,0.012797889
360,-0.015560877
361,0.019764233
362,-0.0083451625
363,0.00043284515
364,0.018993985
365,0.0017540016
366,0.012817669
367,-0.006686883
368,-0.03551597
369,0.02778326
370,-0.007136492
371,-0.043655068
372,0.021168027
373,-0.004930395
374,-0.00079761184
375,-0.03741829
376,0.00459514
377,-0.034308843
378,-0.02419921
379,0.010972598
380,-0.0391785
381,-0.0033675907
382,0.010423492
383,-0.0025017434
384,-0.006121527
385,0.007020921
386,-0.00019448658
387,0.032510832
388,-0.028717706
389,0.042302422
390,-0.036175754
391,-0.0397739
392,0.020084163
393,0.003477722
394,0.031969726
395,-0.0136242965
396,-0.03981905
397,0.0015863946
398,0.012453348
399,0.07525262
400,0.02652354
401,0.013668416
402,0.028040007
403,-0.015024111
404,-0.021737738
405,0.0026874903
406,-0.04798471
407,-0.030730698
408,-0.013621188
409,0.025788834
410,0.024069265
411,-0.03594716
412,0.04018998
413,-0.009330042
414,0.047875572
415,0.02048266
416,0.028603837
417,0.047413945
418,-0.009685389
419,0.0063278982
420,-0.020122495
421,0.0116923405
422,0.0013100496
423,-0.017395666
424,-0.007282043
425,-0.0057615396
426,-0.043235235
427,0.01072998
428,0.004663062
429,0.035745185
430,0.007963047
431,-0.0047012432
432,0.008496907
433,0.03187725
434,-0.021400893
435,0.011532824
436,-0.015458726
437,-0.006502061
438,-0.039716568
439,0.00372089
440,0.033605058
441,0.0011051644
442,-0.020316321
443,0.0033629332
444,0.016975874
445,0.022191638
446,0.0014365804
447,0.023053087
448,-0.00542995
449,-0.003764591
450,0.010549585
451,-0.019153558
452,-0.03146074
453,0.0025406075
454,0.015065198
455,0.0030978469
456,-0.032023296
457,-0.03267485
458,0.0045545
459,-0.01153282
460,0.009604388
461,0.0145944115
462,0.030837733
463,-0.006561046
464,-0.012988305
465,0.022071663
466,0.0067206463
467,0.001574762
468,0.011512106
469,0.012213404
470,-0.010773908
471,-0.005152918
472,-0.022386186
473,-0.033681974
474,0.008729404
475,-0.024773605
476,-0.038150758
477,0.048962593
478,0.01409704
479,0.065322146
480,0.007821486
481,0.037571047
482,0.016333383
483,-0.05505113
484,0.010985377
485,0.020868273
486,-0.012914636
487,0.03957234
488,0.025262704
489,0.027220504
490,0.04195972
491,-0.015231475
492,0.0016866156
493,0.039120186
494,-0.0041041067
495,-0.013164948
496,-0.012452469
497,0.043457605
498,-0.026963813
499,-0.009406778
500,-0.032522034
501,0.010311278
502,0.008285716
503,-0.016415764
504,-0.02135342
505,-0.006710478
506,0.025206914
507,0.022262184
508,0.029347816
509,0.030330932
510,-0.045736186
511,-0.016837219
512,0.01702461
513,-0.0015547393
514,0.07573512
515,0.001049547
516,-0.045719676
517,-0.0043461896
518,0.03429223
519,-0.023541708
520,-0.03674857
521,-0.016015947
522,-0.0123757245
523,-0.012245316
524,-0.038611706
525,-0.0032625715
526,0.013467589
527,0.0380852
528,-0.059677467
529,-0.0046202615
530,-0.021841053
531,0.014869485
532,0.038754147
533,0.008970575
534,-0.01613459
535,-0.025431076
536,0.0068340427
537,0.010343597
538,-0.028017092
539,-0.002987713
540,-0.02639211
541,0.021352278
542,0.005531798
543,-0.04571476
544,0.01770141
545,-0.016120814
546,-0.032186184
547,-0.00490291
548,-0.03581181
549,0.0022138327
550,0.012724333
551,-0.022992948
552,-0.027500322
553,0.029682558
554,0.022907244
555,-0.010884253
556,-0.024308544
557,0.016412964
558,0.0039626616
559,-0.004728237
560,0.039461873
561,-0.015510795
562,0.008014599
563,-0.00617063
564,0.004753839
565,-0.04282704
566,0.0064243097
567,-0.02467055
568,-0.015500707
569,0.027996734
570,-0.015289031
571,-0.027073137
572,0.025776194
573,-0.024991496
574,-0.009131998
575,-0.038532104
576,0.013766504
577,0.00980866
578,0.006397409
579,0.01050789
580,-0.021112902
581,-0.003731398
582,0.04266109
583,0.038565174
584,-0.030539595
585,-0.05850288
586,-0.0033409826
587,-0.008756039
588,0.00845197
589,-0.008425603
590,-0.025986047
591,0.0637974
592,0.015972583
593,-0.018453065
594,0.00784892
595,0.02826489
596,0.00730599
597,0.017627241
598,0.008995239
599,0.012857038
600,0.027350625
601,0.0043434054
602,-0.041181587
603,0.04928786
604,-0.0008458046
605,0.00012991652
606,-0.035271086
607,-0.0064653545
608,-0.0051593836
609,-0.0047780396
610,0.015297899
611,-0.014813235
612,0.007680338
613,-0.07197393
614,0.001783138
615,-0.02931838
616,0.025044272
617,-0.014795063
618,-0.014226318
619,0.02225588
620,-0.03293116
621,-0.0018358093
622,-0.016745934
623,-0.039985776
624,0.015732102
625,0.00085248303
626,-0.024595218
627,0.039620683
628,-0.0064337775
629,0.007778324
630,0.003045121
631,0.03224438
632,0.004268219
633,0.015206007
634,0.0017884313
635,-0.017487813
636,0.017084247
637,-0.015041475
638,0.00787413
639,0.0036971264
640,-0.021072147
641,0.002671157
642,-0.043879405
643,0.024045449
644,-0.025581948
645,-0.012826876
646,0.009489567
647,-0.0006491166
648,0.009153283
649,-0.021499073
650,0.0115507115
651,-0.0024955382
652,0.0021557093
653,0.013356899
654,-0.004236085
655,0.033282593
656,0.022061642
657,0.03636761
658,-0.0075364984
659,-0.027306795
660,-0.031063195
661,-0.0107250335
662,0.043466218
663,0.017963417
664,-0.004045146
665,0.025906699
666,-0.03854374
667,-0.02179044
668,-0.019389765
669,0.012287977
670,-0.007130417
671,-0.0054225395
672,-0.010695909
673,0.027760334
674,-0.036929693
675,-0.0003969879
676,-0.013414362
677,0.020550508
678,-0.04170563
679,-0.0076400246
680,-0.018195225
681,0.011843073
682,-0.053062573
683,0.035976157
684,-0.0531948
685,0.006330496
686,0.0038146682
687,0.010236977
688,0.0054826033
689,-0.0354881
690,0.029917948
691,-0.0039184997
692,-0.0045436495
693,0.033991132
694,-0.023776168
695,0.016056225
696,0.009407982
697,-0.006120976
698,0.012778239
699,-0.0015457012
700,-0.026690023
701,0.0025798227
702,-0.019307379
703,0.0038701447
704,-0.027656846
705,-0.011921586
706,-0.0066395914
707,-0.037825886
708,-0.00028182974
709,-0.012494077
710,-0.012625599
711,-0.013146452
712,-0.020467853
713,0.015768413
714,0.015112638
715,0.027065266
716,0.0056718388
717,0.025447344
718,0.02446746
719,0.0048878947
720,0.015445775
721,0.016496044
722,0.0058550728
723,0.029045487
724,0.0011751245
725,0.0027860596
726,0.007541479
727,-0.0007449656
728,0.010009168
729,-0.011890891
730,-0.020414032
731,0.027284887
732,0.0048963036
733,-0.019644538
734,-0.023143226
735,-0.02199221
736,-0.027649486
737,-0.005151277
738,0.0048268433
739,0.00895259
740,-0.015318568
741,0.020760452
742,-0.0030863555
743,-0.032451592
744,-0.044073187
745,-0.007886462
746,-0.004087931
747,0.0072200857
748,-0.009438595
749,0.056388997
750,-0.0646717
751,-0.0202333
752,-0.0058171554
753,0.0016232705
754,0.017501626
755,-0.012813723
756,0.026660137
757,-0.013479049
758,-0.0077451356
759,0.0056704576
760,-0.003979572
761,0.017687533
762,-0.045783166
763,0.024498729
764,-0.045674633
765,0.030914761
766,0.0204791
767,-0.020147393
768,0.01838613
769,-0.039417088
770,-0.00831295
771,-0.0043912837
772,-0.003098408
773,0.016332898
774,0.026999721
775,0.0528012
776,-0.0045853686
777,-0.009438205
778,-0.020958481
779,0.023182787
780,0.021657752
781,0.032220084
782,-0.032335542
783,0.006335112
784,0.021707835
785,0.018847702
786,0.008577354
787,-0.0022034615
788,0.032628264
789,-0.025416322
790,0.041174646
791,-0.023845738
792,0.009735332
793,0.065933235
794,-0.04615022
795,0.0608079
796,-0.028433487
797,-0.044065196
798,-0.009178864
799,-0.0054026693
800,0.022114545
801,0.002813572
802,0.010182035
803,-0.018385446
804,-0.0016704577
805,-0.021951146
806,0.0017051939
807,-0.025385693
808,-0.02608639
809,0.003987188
810,0.008082557
811,-0.019791003
812,-0.01215756
813,-0.0113501325
814,0.011835023
815,-0.0072631887
816,0.041533694
817,-0.029803105
818,-0.008190764
819,0.0036336007
820,-0.0007889113
821,-0.0113749765
822,0.022356495
823,-0.014719946
824,-0.0009915144
825,0.014413345
826,0.02680054
827,0.038228285
828,-0.016584592
829,0.009551617
830,0.021879029
831,0.037121773
832,0.0038437403
833,-0.009486315
834,-0.012776207
835,-0.005500498
836,-0.0023849579
837,-0.07610065
838,0.015650177
839,0.008140696
840,0.0110139325
841,-0.05661454
842,0.032027498
843,-0.01879137
844,-0.018054541
845,-0.028676402
846,-0.009914043
847,0.007845198
848,-0.037956204
849,-0.012319571
850,0.00732714
851,0.018611342
852,0.029478505
853,0.0066934
854,0.00548124
855,0.0048568132
856,0.018727155
857,-0.013881655
858,0.025550164
859,-0.009017844
860,-0.0037217892
861,0.0044803685
862,-0.027608233
863,-0.006258083
864,-0.0071160235
865,0.048134897
866,-0.00285543
867,-0.013217366
868,-0.02827327
869,-0.009725828
870,-0.011906125
871,-0.03978664
872,-0.015592082
873,0.043324072
874,0.0385856
875,0.024826072
876,0.008631618
877,0.014638681
878,0.011751641
879,-0.011192596
880,0.013574441
881,0.05195747
882,0.0050565824
883,0.0091810925
884,0.022972804
885,-0.0021659457
886,-0.0030914105
887,-0.0059369593
888,0.01713126
889,-0.00078943337
890,0.0303542
891,0.027443094
892,0.010438432
893,-0.010040533
894,0.024884308
895,0.016465135
896,-0.00076319725
897,-0.011860736
898,-0.00043300068
899,0.0030450264
900,0.0007115175
901,-0.017334953
902,0.051164743
903,-0.024973908
904,0.047418427
905,-0.01867826
906,-0.017878683
907,-0.004845052
908,-0.011467762
909,0.017209556
910,-0.0018285459
911,0.019803306
912,0.04561186
913,0.00517413
914,-0.0129904775
915,0.002263726
916,-0.024660243
917,-0.024599584
918,0.014426126
919,-0.012085038
920,-0.011887482
921,0.019949017
922,0.016604615
923,-0.038048293
924,-0.005384343
925,-0.024323748
926,-0.05287003
927,0.020054491
928,0.005521192
929,0.025069982
930,0.027473789
931,0.0043122186
932,0.017970385
933,-0.055089306
934,-0.03888271
935,-0.015537719
936,-0.0065107606
937,0.00040333183
938,-0.029699858
939,-0.008047102
940,0.0013093179
941,-0.020273417
942,-0.020443209
943,0.009325203
944,-0.050398383
945,0.0069380193
946,0.0050551137
947,-0.0011302648
948,-0.027469788
949,0.012154737
950,0.0014146244
951,-0.008558569
952,0.0069033285
953,0.0060817017
954,0.011302647
955,0.011480103
956,-0.01648108
957,-0.0014342843
958,-0.025534878
959,0.005903581
960,-0.02880374
961,-0.024569122
962,-0.02557904
963,0.03456897
964,-0.0035012788
965,-0.016371131
966,0.0027751082
967,0.03238324
968,-0.024839837
969,-0.00647052
970,-0.013015096
971,0.041692615
972,-0.02358277
973,-0.08482873
974,0.0064989147
975,0.006081551
976,0.007965729
977,-0.0021963737
978,-0.015027083
979,-0.016207708
980,-0.011714341
981,-0.02531043
982,-0.008252787
983,0.00035605324
984,0.0024935936
985,-0.0387438
986,-0.028525902
987,-0.019463489
988,-0.0005883288
989,0.011439419
990,0.010680258
991,-5.3377138e-05
992,0.045361318
993,0.01005674
994,0.004601484
995,0.0034141056
996,-0.010396464
997,-0.0026416322
998,0.021459555
999,-0.0051561305
1000,-0.00053342024
1001,0.009552027
1002,0.018124064
1003,0.02331869
1004,-0.0070137936
1005,-0.006317602
1006,-0.013817744
1007,-0.03274486
1008,-0.034496468
1009,-0.026824985
1010,0.020654583
1011,-0.035152607
1012,-0.004006859
1013,-0.014409806
1014,-0.016072085
1015,-0.012887239
1016,-0.0101999
1017,0.007633785
1018,-0.01649237
1019,-0.04109192
1020,-0.007371939
1021,0.014545493
1022,0.029403675
1023,0.0155060645
1024,-0.019331645
1025,-0.0035266893
1026,-0.018271752
1027,0.04922881
1028,0.00023262182
1029,0.026433825
1030,0.03367422
1031,-0.018316064
1032,-0.028337415
1033,0.02318251
1034,-0.006044625
1035,-0.0144193955
1036,-0.0103885885
1037,-0.014805981
1038,0.021024244
1039,-0.020061526
1040,-0.0015144771
1041,0.006846103
1042,-0.03269132
1043,0.010479303
1044,-0.014088591
1045,0.008563663
1046,0.003960089
1047,-0.011494198
1048,-0.026516052
1049,0.039435863
1050,0.017368032
1051,0.029049458
1052,0.030469352
1053,0.013896825
1054,0.001800536
1055,0.042982507
1056,0.010945406
1057,-0.021284545
1058,0.032841075
1059,0.011116543
1060,-0.0011611179
1061,-0.0117461
1062,-0.012160664
1063,0.0041013313
1064,-0.015904514
1065,-0.014837395
1066,-0.0048641423
1067,0.00569515
1068,0.0020510843
1069,-0.0011178019
1070,-0.016135419
1071,-0.02995741
1072,0.011849935
1073,-0.017382257
1074,0.005832642
1075,0.0034985386
1076,-0.019482048
1077,-0.012580944
1078,-0.04173505
1079,0.006354368
1080,-0.0066347755
1081,0.01087047
1082,0.0036421139
1083,0.017247213
1084,-0.016339455
1085,0.011507578
1086,0.00223421
1087,-0.0009770753
1088,-0.013770924
1089,-0.020312889
1090,-0.014576251
1091,-0.012442213
1092,-0.023574093
1093,-0.013969461
1094,0.046314586
1095,0.00972783
1096,-0.01892832
1097,0.00041484382
1098,-0.013205156
1099,0.0067660827
1100,0.012695639
1101,-0.021368308
1102,-0.02308635
1103,-0.019763436
1104,-0.004766038
1105,-0.0054092947
1106,-0.026499737
1107,0.032704525
1108,-0.0057201944
1109,0.011731824
1110,0.0078505725
1111,0.035849016
1112,-0.013803941
1113,-0.0028354374
1114,-0.027885148
1115,0.012112076
1116,-0.0069932574
1117,-0.0023003821
1118,-0.018333087
1119,-0.0021537552
1120,-0.013100592
1121,4.112057e-05
1122,-0.016485682
1123,-0.03301827
1124,-0.0418292
1125,0.016346665
1126,0.0012060672
1127,-0.004784812
1128,-0.025241183
1129,0.0024437841
1130,-0.028705072
1131,-0.0314059
1132,0.003865295
1133,0.0149404425
1134,0.028511377
1135,0.009540395
1136,-0.0017761015
1137,0.0076473993
1138,0.04688091
1139,0.014032121
1140,0.0062557543
1141,-0.06328172
1142,0.027282255
1143,0.017650174
1144,0.024587672
1145,0.014694364
1146,0.0037253378
1147,-0.022217678
1148,0.0012782989
1149,-0.025549335
1150,0.019422969
1151,0.059065863
1152,-0.030409744
1153,-0.007407859
1154,0.019615522
1155,0.0044682217
1156,0.014083321
1157,-0.014491131
1158,-0.012335533
1159,0.013378478
1160,0.0021390368
1161,-0.021839703
1162,-0.011376448
1163,0.011417118
1164,-0.03288362
1165,-0.018682824
1166,0.046226952
1167,0.021058101
1168,0.009073789
1169,0.047465786
1170,0.0011166275
1171,0.012412284
1172,0.011057317
1173,-0.038528983
1174,0.02015854
1175,0.0165107
1176,0.026562514
1177,-0.0026758807
1178,-0.0062544667
1179,0.014550716
1180,0.0062864106
1181,0.051414013
1182,-0.043530192
1183,0.013417506
1184,-0.050584186
1185,0.007635707
1186,-0.031946674
1187,0.03453603
1188,-0.004850084
1189,-0.0111449715
1190,-0.019653264
1191,-0.026121993
1192,0.012492226
1193,0.028674493
1194,-0.008359641
1195,-0.026871214
1196,0.041599974
1197,-0.010193889
1198,-0.033052284
1199,0.03561145
1200,0.0032450543
1201,0.018543446
1202,-0.024156839
1203,-0.02832393
1204,-0.021674015
1205,-0.008632125
1206,0.0030742153
1207,-0.018339224
1208,0.01246789
1209,0.017314238
1210,0.03550669
1211,-0.018018754
1212,-0.010044267
1213,-0.02123264
1214,-0.010784695
1215,-0.029076768
1216,0.00397232
1217,-0.014892427
1218,0.01497552
1219,0.046281744
1220,0.024166053
1221,0.025155446
1222,0.034516342
1223,-0.03414686
1224,0.037201475
1225,0.024206335
1226,-0.02678789
1227,-0.015469725
1228,0.014501319
1229,-0.016795281
1230,-0.01836379
1231,-0.042966325
1232,0.032437675
1233,-0.02085504
1234,-0.00847178
1235,0.0019216365
1236,-0.03951221
1237,-0.016930468
1238,-0.014158217
1239,0.018279234
1240,-0.0070865136
1241,0.019682096
1242,-0.014110409
1243,0.007079356
1244,0.033204503
1245,0.011410394
1246,0.0025801605
1247,-0.01730088
1248,0.03264822
1249,-0.021034045
1250,0.03461497
1251,0.050089013
1252,-0.030154128
1253,-0.0063664713
1254,0.023770444
1255,0.0105938325
1256,-0.008408668
1257,-0.014975352
1258,0.004052115
1259,-0.03389964
1260,-0.015868705
1261,-0.001840436
1262,0.018017093
1263,-0.015222494
1264,-0.012097684
1265,-0.0072913114
1266,0.021757657
1267,-0.004191673
1268,0.027851824
1269,0.038961284
1270,-0.00019829653
1271,-0.03284034
1272,-0.017887514
1273,0.018634738
1274,0.06339149
1275,-0.023140017
1276,-0.008690226
1277,0.008030755
1278,0.010269773
1279,0.017975677
1280,0.010990045
1281,0.018049996
1282,0.009123037
1283,0.008426738
1284,0.013422685
1285,0.033437002
1286,0.01621617
1287,-0.001987401
1288,-0.029000096
1289,0.02758379
1290,0.005307235
1291,0.0032398198
1292,0.007617249
1293,0.007473377
1294,-0.023610022
1295,0.0044467924
1296,0.022788486
1297,0.00015763126
1298,0.010176992
1299,0.026482718
1300,-0.014907155
1301,-0.0040495005
1302,0.035199113
1303,-0.0076767234
1304,0.052232746
1305,-0.021869523
1306,-0.0035713657
1307,-0.02440302
1308,-0.014727586
1309,0.00026885996
1310,0.0017563375
1311,0.035161715
1312,-0.049122613
1313,0.012251444
1314,-0.01743494
1315,0.024928164
1316,0.0015408096
1317,-0.0206285
1318,-0.025459476
1319,0.00058244064
1320,0.046142947
1321,0.027666694
1322,-0.018680882
1323,-0.012598106
1324,0.014071507
1325,-0.034339365
1326,-0.005671065
1327,-0.014435843
1328,-0.0018873306
1329,0.0069077257
1330,0.049840335
1331,-0.005939718
1332,-0.014079361
1333,0.026427142
1334,-0.04771121
1335,0.0031120903
1336,-3.278078e-05
1337,-0.0014642011
1338,-0.017733518
1339,-0.05327006
1340,-0.0035689215
1341,-0.028957369
1342,0.03563276
1343,-0.011092305
1344,0.034062453
1345,0.011306761
1346,0.050405655
1347,0.0073565235
1348,-0.041206207
1349,-0.012032811
1350,-0.006423721
1351,-0.013590535
1352,0.038125847
1353,0.029681116
1354,-0.029185435
1355,-0.016376447
1356,0.008997154
1357,-0.010373602
1358,0.007908259
1359,-0.025190337
1360,0.007111906
1361,-0.044193473
1362,0.020558367
1363,0.015680393
1364,-0.012157446
1365,0.026875446
1366,-0.029414477
1367,0.024649695
1368,-0.03421355
1369,0.009212325
1370,0.007750141
1371,-0.010418533
1372,-0.038287368
1373,-0.005670112
1374,-0.03951591
1375,0.011803169
1376,-0.0323719
1377,-0.022296377
1378,-0.010733971
1379,0.013818256
1380,0.006029116
1381,-0.05178024
1382,-0.024075313
1383,-0.019601991
1384,0.024743486
1385,0.016508225
1386,0.022236487
1387,-0.04167286
1388,-0.003447168
1389,0.01069526
1390,-0.010055881
1391,-0.010683086
1392,-0.009110378
1393,0.001191985
1394,0.030324062
1395,0.004341372
1396,-0.0039008148
1397,0.01578649
1398,0.0062554795
1399,-0.009482525
1400,-0.059209835
1401,-0.010691251
1402,0.0044339686
1403,-0.010914916
1404,-0.018739037
1405,0.039749168
1406,-0.00035472674
1407,0.02787085
1408,-0.017774995
1409,-0.0039178743
1410,-0.0061085755
1411,0.0012442144
1412,-0.015755055
1413,-0.024054024
1414,0.0011248747
1415,-0.027018622
1416,0.044639673
1417,0.007884574
1418,-0.037554186
1419,-0.010979999
1420,0.007465886
1421,-0.03935394
1422,-0.04580965
1423,0.004991005
1424,0.016759876
1425,0.020976325
1426,0.034626056
1427,0.0005304053
1428,-0.009622816
1429,0.024044752
1430,-0.030174596
1431,0.034482133
1432,-0.0034230377
1433,-0.014847248
1434,0.007821158
1435,0.014411907
1436,-0.011281584
1437,-0.0072223768
1438,0.039124575
1439,-0.024447678
1440,-0.0050925533
1441,0.0036032856
1442,0.037241645
1443,-0.025262065
1444,-0.006053031
1445,0.023695609
1446,-0.012204769
1447,0.018493174
1448,-0.0008005483
1449,-0.051040042
1450,-0.02348884
1451,-0.040297054
1452,-0.008195286
1453,-0.015559853
1454,0.004845752
1455,0.0100831725
1456,0.0042765224
1457,0.023523495
1458,0.006855063
1459,-0.024391273
1460,-0.004078105
1461,-0.015117174
1462,-0.019697543
1463,0.024104115
1464,-0.009341663
1465,-0.034302328
1466,-0.0050389306
1467,-0.023703743
1468,-0.021039372
1469,-0.049247883
1470,-0.002044369
1471,0.004445976
1472,-0.0012713997
1473,0.036488548
1474,0.016474616
1475,0.017280953
1476,-0.008243945
1477,-0.026319828
1478,0.017356237
1479,-0.015051045
1480,0.037281115
1481,-0.024653954
1482,0.042207856
1483,-0.008262699
1484,0.019108042
1485,0.026794676
1486,0.018362503
1487,0.039557535
1488,0.012170203
1489,0.0063751955
1490,-0.006107595
1491,-0.0032568886
1492,0.011162546
1493,0.0062152236
1494,0.0007156406
1495,-0.0047751274
1496,-0.012355874
1497,-0.022475872
1498,0.019862495
1499,-0.032294486
1500,0.005356115
1501,0.024656113
1502,-0.05176856
1503,0.027911251
1504,0.0267152
1505,-0.0026464432
1506,0.0053548445
1507,-0.010193322
1508,0.0012485288
1509,0.012951065
1510,0.023498802
1511,-0.012946174
1512,-0.006564247
1513,0.011795152
1514,-0.017583441
1515,0.006079517
1516,-0.007707133
1517,-0.040754125
1518,0.0061242366
1519,-0.030256195
1520,-0.0029855296
1521,-0.0040132096
1522,0.038653802
1523,-0.00072407594
1524,0.028592153
1525,-0.01010865
1526,0.019999707
1527,0.0017091245
1528,-0.0068840114
1529,-0.007358091
1530,0.0057743937
1531,-0.034025643
1532,0.0040800846
1533,-0.011176085
1534,-0.0029660673
1535,0.0058551384
1536,-0.00040659483
1537,0.031097475
1538,0.016352203
1539,0.03609699
1540,-0.02090379
1541,0.028890569
1542,0.021365901
1543,0.00980932
1544,-0.0048513436
1545,-0.0010335024
1546,0.00999166
1547,-0.044821717
1548,-0.03626817
1549,0.04263574
1550,0.017995983
1551,0.007446174
1552,0.006651918
1553,0.024818012
1554,-0.057759725
1555,-0.017273838
1556,0.0016852702
1557,0.037109256
1558,0.012884127
1559,0.01804906
1560,0.047124043
1561,-0.00022176656
1562,0.0027567353
1563,0.031125167
1564,-0.023219258
1565,0.020424945
1566,-0.043370962
1567,0.017448068
1568,0.05457189
1569,0.009859076
1570,0.00010170547
1571,-0.05447316
1572,-0.03238327
1573,0.021884553
1574,-0.027501678
1575,-0.015204534
1576,0.0014050421
1577,0.0056210235
1578,-0.016460316
1579,0.038662605
1580,-0.03352158
1581,-0.0439793
1582,0.0017167366
1583,-0.030280944
1584,0.013264619
1585,-0.0013426474
1586,0.051060107
1587,-0.02237094
1588,-0.03408576
1589,-0.012128063
1590,0.033464715
1591,-0.026283525
1592,-0.012369726
1593,0.047770552
1594,-0.03802445
1595,0.018451693
1596,-0.05682921
1597,-0.012716035
1598,-0.019692454
1599,0.011804565
1600,0.022108885
1601,-0.004596223
1602,0.009486732
1603,0.01879548
1604,-0.015695125
1605,-0.024941392
1606,-0.0023543043
1607,-0.012295468
1608,-0.032812763
1609,-0.0036336498
1610,-0.036904912
1611,0.013133705
1612,-0.04696441
1613,0.03976631
1614,0.019757975
1615,-0.00088429736
1616,-0.04691484
1617,-0.035294298
1618,-0.0020951044
1619,0.0007996657
1620,0.014037192
1621,-0.021538198
1622,-0.013096903
1623,0.024852369
1624,-0.026914299
1625,-0.01568113
1626,-0.012450217
1627,-0.009810891
1628,-0.026801396
1629,0.012739879
1630,-0.03347342
1631,-0.012156397
1632,0.011178602
1633,-0.0040957145
1634,-0.016624063
1635,0.012817516
1636,-0.013284831
1637,0.018543
1638,-0.03011998
1639,-0.010999308
1640,0.020449312
1641,-0.029029796
1642,0.010883417
1643,-0.0013295786
1644,0.011548396
1645,0.007864899
1646,0.008546937
1647,-0.0033568088
1648,-0.0014216952
1649,0.0389291
1650,0.021844486
1651,0.022041978
1652,0.009189971
1653,0.05881484
1654,-0.021396343
1655,0.014656524
1656,-0.032456856
1657,0.030887362
1658,0.04024931
1659,-0.0076039843
1660,-0.017418386
1661,0.03005336
1662,0.0113470005
1663,0.034911834
1664,-0.010731405
1665,-0.013094914
1666,-0.037576728
1667,0.009994227
1668,0.0011234034
1669,0.009610495
1670,-0.014764192
1671,0.027517432
1672,-0.0074852835
1673,-0.012239484
1674,-0.008568561
1675,-0.019670011
1676,0.012688051
1677,-0.023397699
1678,0.041292083
1679,-0.001526295
1680,-0.03600621
1681,-0.0115228845
1682,-0.037603185
1683,-0.03510787
1684,0.012842404
1685,0.034557007
1686,0.0095340805
1687,-0.014381196
1688,-0.001482297
1689,-0.008999306
1690,0.017475286
1691,0.022948353
1692,-0.016020413
1693,0.0076761325
1694,-0.00050348893
1695,0.036922805
1696,0.0132632535
1697,-0.0028043352
1698,0.009409729
1699,-0.007367411
1700,0.0063451435
1701,-0.030371644
1702,-0.03997374
1703,-0.033088848
1704,-0.042738654
1705,-0.016441839
1706,0.0037449317
1707,-0.014109415
1708,-0.018156875
1709,0.016768398
1710,0.009803984
1711,0.0045892997
1712,0.017258076
1713,0.003193579
1714,-0.016844584
1715,0.03261646
1716,-0.0002377128
1717,0.0015336376
1718,0.023096485
1719,-0.013528606
1720,-0.004632191
1721,0.009849188
1722,-0.0093394285
1723,-0.009185861
1724,0.02516936
1725,-0.02211695
1726,0.0056933565
1727,0.016318515
1728,0.008129983
1729,-0.030428117
1730,-0.02949843
1731,-0.006426089
1732,-0.013386711
1733,0.0070600947
1734,-0.0042995275
1735,-0.0008151786
1736,0.008071647
1737,-0.00043189107
1738,-0.021498444
1739,0.01730007
1740,-0.04027734
1741,0.02364931
1742,0.03170824
1743,0.041967742
1744,0.0027205446
1745,0.00069894164
1746,0.020005303
1747,-0.028538277
1748,0.02348037
1749,0.011188349
1750,0.00941078
1751,0.009646551
1752,0.010156565
1753,-0.0317286
1754,0.025271282
1755,-0.03384168
1756,-0.0276577
1757,-0.00043473733
1758,-0.018986097
1759,-0.0040689637
1760,-0.029027997
1761,0.032647133
1762,0.013356719
1763,-0.030757494
1764,-0.0042985976
1765,0.011929841
1766,-0.008528695
1767,0.026297603
1768,0.010599076
1769,0.020117711
1770,-0.019557683
1771,-0.00020321248
1772,-0.025915528
1773,-0.012760772
1774,0.0041467943
1775,0.003695609
1776,-0.017520996
1777,0.038590036
1778,0.019523513
1779,0.054625254
1780,-0.047976356
1781,-0.035171777
1782,-0.022306947
1783,0.038786285
1784,0.009217438
1785,-0.010177099
1786,0.0029797761
1787,-0.014577789
1788,0.005721557
1789,2.8549694e-05
1790,-0.027241461
1791,0.017783262
1792,0.02543946
1793,0.034055807
1794,-0.008869092
1795,-0.0052383286
1796,-0.025678948
1797,0.0029707386
1798,0.03151149
1799,-0.008371009
1800,-0.018420216
1801,-0.0019717074
1802,-0.02224628
1803,0.035680786
1804,0.007101405
1805,-0.038293395
1806,0.012806037
1807,0.0039758445
1808,0.007544516
1809,-0.012289844
1810,-0.017219737
1811,0.011800667
1812,0.021777581
1813,0.0387016
1814,-0.03673152
1815,0.013877543
1816,-0.0030048168
1817,-0.017419301
1818,0.00030887566
1819,-0.012137338
1820,0.006705084
1821,0.029949188
1822,-0.008809896
1823,-0.0040372834
1824,0.0077494187
1825,0.010476865
1826,0.02635368
1827,0.0055208104
1828,-0.028243609
1829,-0.016409112
1830,-0.011857396
1831,-0.005671734
1832,0.0004378441
1833,0.019669164
1834,-0.004012555
1835,-0.0074753067
1836,0.020887258
1837,-0.01854477
1838,0.023266152
1839,-0.0051209694
1840,0.0032300355
1841,0.035521314
1842,0.021240499
1843,0.025537357
1844,-0.009553194
1845,0.008280124
1846,-0.0026783333
1847,0.015531013
1848,0.021901801
1849,-0.07947012
1850,-0.012129042
1851,0.011598333
1852,0.016551552
1853,-0.059506666
1854,0.004807181
1855,0.0046581877
1856,-0.01323749
1857,-0.009462205
1858,-0.00832889
1859,-0.029543482
1860,0.021503929
1861,-0.016480478
1862,-0.0077690673
1863,0.066206194
1864,0.015166583
1865,-0.01903348
1866,-0.004693722
1867,0.008198872
1868,-0.059940867
1869,-0.0019809497
1870,0.034106858
1871,-0.02192858
1872,0.009164968
1873,-0.025181746
1874,0.038821265
1875,0.016920075
1876,0.0010665712
1877,0.026441034
1878,-0.021092463
1879,0.024108274
1880,0.03964303
1881,0.049571678
1882,0.005358804
1883,-0.022913631
1884,0.022485733
1885,-0.024507202
1886,-0.034108717
1887,-0.00070116797
1888,0.024224164
1889,0.020003237
1890,-0.00084197975
1891,-0.033296667
1892,0.0017436373
1893,-0.0063633905
1894,0.015362471
1895,0.046570636
1896,-0.041283675
1897,-0.03953658
1898,-0.04077417
1899,0.010780549
1900,-0.024834272
1901,-0.0029318803
1902,0.02855334
1903,0.022731375
1904,-0.020468762
1905,-0.027266324
1906,0.008885882
1907,0.006791936
1908,-0.024866559
1909,-0.044608932
1910,0.036127843
1911,-0.050826825
1912,0.012909461
1913,-0.0023716425
1914,0.005755889
1915,0.00015726004
1916,0.025388192
1917,-0.0032164822
1918,-0.019516785
1919,-0.014195369
1920,-0.0277153
1921,-0.006110406
1922,-0.00917055
1923,0.028294992
1924,0.034568433
1925,-0.030902803
1926,0.0014191846
1927,0.039616406
1928,-0.053175703
1929,0.022459483
1930,-0.0122216735
1931,0.010470913
1932,-0.008234923
1933,0.025388787
1934,0.024090195
1935,-0.051390577
1936,-0.05050251
1937,0.040396873
1938,0.009432223
1939,-0.019026961
1940,-0.041128557
1941,0.036733676
1942,-0.040218756
1943,0.017513776
1944,0.019977516
1945,-0.0026930333
1946,0.03265829
1947,0.018398931
1948,0.010307995
1949,0.013144554
1950,-0.02634909
1951,-0.036602348
1952,0.003565355
1953,-0.05809884
1954,-0.059273396
1955,0.0460353
1956,0.06304069
1957,0.013595561
1958,-0.01740024
1959,-0.0021972705
1960,0.031971328
1961,-0.014892543
1962,-0.0141651565
1963,0.00846161
1964,-0.009782419
1965,-0.029556423
1966,-0.0008492091
1967,0.009553233
1968,-0.003333451
1969,-0.009040472
1970,0.009432958
1971,-0.022364225
1972,-0.0014188784
1973,0.035523802
1974,0.017686551
1975,0.038293105
1976,-0.022252524
1977,-0.0035736521
1978,-0.017278908
1979,0.025935063
1980,-0.015678285
1981,0.0025564674
1982,0.026049385
1983,0.011416981
1984,0.0050356435
1985,-0.030602632
1986,-0.036264524
1987,-0.003630225
1988,-0.0026110339
1989,-0.013115647
1990,-0.037976474
1991,-0.013694844
1992,-0.02318937
1993,0.006470776
1994,0.016900353
1995,0.0030677966
1996,-0.0040122196
1997,-0.015251841
1998,-0.018050352
1999,0.004103534
2000,-0.018939154
2001,0.008341429
2002,-0.00036253093
2003,0.029193686
2004,0.018017365
2005,0.017068746
2006,-0.007038485
2007,0.039218757
2008,0.009443966
2009,0.024915993
2010,0.02616707
2011,0.011880789
2012,0.047800854
2013,0.02215198
2014,0.013743192
2015,0.04288751
2016,0.034507956
2017,-0.016765384
2018,0.010542842
2019,0.018765127
2020,0.0066097113
2021,7.331098e-05
2022,0.0020293805
2023,-0.013887312
2024,-0.010931124
2025,-0.008793534
2026,-0.0071270787
2027,0.010670056
2028,0.017002618
2029,-0.019054437
2030,-0.027757162
2031,-0.0055547105
2032,-0.007882347
2033,-0.013649285
2034,-0.032162335
2035,0.029253084
2036,0.0011527219
2037,-0.05671332
2038,0.029617982
2039,-0.0400381
2040,0.013639894
2041,-0.03984042
2042,0.021415878
2043,-0.011389437
2044,-0.035580207
2045,0.052669566
2046,-0.06468386
2047,0.020992158
2048,0.029935056
2049,0.0337875
2050,-0.0036453865
2051,-0.036225162
2052,0.009202919
2053,0.00496075
2054,0.0112593975
2055,-0.02429571
2056,-0.009728398
2057,0.0147116855
2058,-0.0010507386
2059,-0.028742287
2060,-0.011837176
2061,-0.029962938
2062,0.03180566
2063,0.034418285
2064,0.014152091
2065,-0.037530243
2066,0.01818192
2067,-0.02637791
2068,0.008730697
2069,0.0009984731
2070,0.012085465
2071,-0.037199598
2072,0.03439301
2073,0.0015027022
2074,-0.0010332754
2075,0.00759365
2076,0.00645091
2077,-0.019802127
2078,-0.007035734
2079,-0.028124776
2080,-0.008527872
2081,-0.037340198
2082,-0.018389093
2083,-0.003268746
2084,0.009447156
2085,0.032088626
2086,0.009171286
2087,-0.026713347
2088,0.009003717
2089,0.016057536
2090,-0.0035334327
2091,0.0031437906
2092,-0.010147915
2093,-0.01670815
2094,0.005704928
2095,0.004734506
2096,0.0018205731
2097,-0.029504819
2098,0.00017438587
2099,0.0018359085
2100,0.0022856584
2101,0.018628754
2102,0.024912704
2103,0.009374432
2104,0.023301573
2105,-0.047981657
2106,-0.0072471895
2107,-0.0065383995
2108,0.025219047
2109,0.023532253
2110,-0.03814798
2111,0.024870828
2112,0.025624737
2113,0.0025928796
2114,0.007162546
2115,-0.0035841824
2116,0.02823562
2117,0.014072012
2118,0.0020290804
2119,0.0076599354
2120,-0.004444066
2121,-0.016078962
2122,-0.001916228
2123,-0.0050465823
2124,-0.029132973
2125,-0.030874923
2126,0.015214667
2127,0.061489563
2128,-0.00052827864
2129,-0.005580369
2130,0.005853661
2131,0.05022818
2132,0.0017053601
2133,0.016640292
2134,0.014262282
2135,0.0032878844
2136,0.010015187
2137,-0.020146886
2138,0.024464615
2139,0.026397815
2140,-0.018246112
2141,0.055371046
2142,0.011857875
2143,0.004774653
2144,0.015506495
2145,0.0072688437
2146,0.024423437
2147,-0.016554693
2148,0.020096907
2149,-0.032984383
2150,-0.007724373
2151,0.006214992
2152,-0.0018280582
2153,-0.009217245
2154,-0.014176576
2155,0.011550441
2156,0.04057016
2157,0.009232726
2158,-0.015648132
2159,-0.003312747
2160,0.009179477
2161,-0.0022309294
2162,0.02090139
2163,0.01267975
2164,-0.034241986
2165,0.025412325
2166,-0.030344076
2167,-0.055186868
2168,-0.03784974
2169,0.01420398
2170,-0.003711273
2171,-0.022872431
2172,0.022364551
2173,-0.011787205
2174,-0.0074847555
2175,0.018002171
2176,0.012850141
2177,0.033391763
2178,-0.0010328591
2179,-0.0070027225
2180,0.0008139729
2181,0.0035051173
2182,-0.010433559
2183,-0.01865769
2184,-0.017570343
2185,0.03566537
2186,0.024561761
2187,-0.023562333
2188,0.0006410732
2189,0.047293957
2190,-0.024652539
2191,0.0014211485
2192,0.016172562
2193,0.008288334
2194,0.00048641558
2195,0.026641576
2196,-0.00105628
2197,0.0036302763
2198,-0.006916756
2199,0.04037347
2200,0.009999388
2201,-0.021773135
2202,-0.028056929
2203,-0.021405376
2204,-0.030799018
2205,-0.020133885
2206,0.04951301
2207,0.012856234
2208,0.003455949
2209,-0.024915192
2210,0.019487329
2211,-0.020614505
2212,0.0151194455
2213,0.005458004
2214,0.00018487712
2215,0.024438323
2216,0.014565668
2217,-0.012737034
2218,0.023846634
2219,-0.016835773
2220,-0.025288435
2221,-0.014499898
2222,-0.030330714
2223,-0.018184513
2224,-0.012488265
2225,0.008403809
2226,-0.0003352514
2227,0.011252506
2228,0.02900807
2229,-0.0010451542
2230,0.018309709
2231,0.009506546
2232,0.010582257
2233,0.002601453
2234,0.006448852
2235,-0.031301647
2236,0.006788288
2237,-0.0070588063
2238,0.017495928
2239,-0.0012760015
2240,0.021404538
2241,0.021607693
2242,-0.019603996
2243,0.0051024402
2244,-0.0019446511
2245,-0.006178268
2246,-0.0060604345
2247,-0.025305191
2248,0.04286243
2249,-0.0010057753
2250,0.0060084225
2251,-0.03802476
2252,-0.009131484
2253,-0.001616937
2254,0.0015710912
2255,0.012641296
2256,-0.0039366214
2257,-0.029840942
2258,-0.016512977
2259,-0.027669495
2260,-0.031171726
2261,0.008076561
2262,-0.007712086
2263,0.0734251
2264,-0.01431407
2265,0.0140995905
2266,0.009236357
2267,-0.027555807
2268,-0.065816455
2269,-0.016861144
2270,-0.024623368
2271,-0.041237198
2272,0.0015421896
2273,-0.018618962
2274,0.012351415
2275,-0.008791792
2276,0.016322553
2277,-0.0067642885
2278,-0.021024298
2279,0.011801624
2280,0.021450046
2281,0.013383149
2282,0.00026674508
2283,-0.0008424981
2284,0.048951395
2285,-0.0036396137
2286,-0.012137387
2287,-0.008112364
2288,-0.018598989
2289,-0.011297622
2290,-0.023766126
2291,-0.0019912778
2292,0.026139857
2293,0.0017895633
2294,-0.022129057
2295,-0.042684287
2296,-0.008938865
2297,-0.0083040595
2298,-0.013233032
2299,0.0014640826
2300,0.02033761
2301,0.013630329
2302,0.038166165
2303,-0.0392174
2304,0.022446029
2305,0.03850873
2306,0.013408947
2307,0.028813649
2308,0.00887958
2309,0.024212562
2310,-0.009323963
2311,-0.0026225129
2312,0.025962157
2313,-0.0065635177
2314,0.008787438
2315,-0.010609879
2316,0.009527864
2317,-0.04260727
2318,0.003456864
2319,0.0024071513
2320,-0.060285695
2321,0.0026711691
2322,0.032642532
2323,0.006594564
2324,-0.023269735
2325,0.016594931
2326,-0.021184722
2327,0.0018240581
2328,-0.019940145
2329,-0.003581065
2330,0.03649433
2331,-0.009763403
2332,0.044920564
2333,0.04125841
2334,0.03635678
2335,-0.005935706
2336,0.03846678
2337,-0.003478156
2338,0.012695893
2339,-0.041894875
2340,0.0019109565
2341,0.00992871
2342,-0.0047430773
2343,0.024292666
2344,-0.008654867
2345,-0.03717617
2346,-0.028415982
2347,-0.014339476
2348,0.0051359734
2349,0.0128386365
2350,-0.055686966
2351,-0.03498168
2352,0.0114990845
2353,-0.016880581
2354,0.008105665
2355,-0.021051034
2356,0.01157513
2357,-0.009303881
2358,-0.0017951813
2359,-0.014027759
2360,-0.018787382
2361,-0.050995607
2362,0.016571986
2363,-0.015320208
2364,-0.007870005
2365,-0.041061413
2366,0.016423257
2367,-0.058108732
2368,0.0040182527
2369,0.0061125276
2370,-0.04200765
2371,0.009861641
2372,-0.021116965
2373,-0.012677748
2374,0.009385933
2375,0.010554537
2376,-0.0053026713
2377,-0.035671894
2378,-0.020407032
2379,-0.0064204894
2380,0.0066981297
2381,-0.031082766
2382,0.010293145
2383,-0.012956454
2384,0.008278052
2385,0.005835327
2386,-0.01812438
2387,-0.032891158
2388,-0.011152205
2389,0.030650927
2390,0.0029584162
2391,-0.025880933
2392,-0.0030607048
2393,-0.007965243
2394,-0.007893308
2395,0.016687796
2396,-0.0048412434
2397,0.01239053
2398,-0.010946036
2399,-0.005510076
2400,0.014733412
2401,0.031259347
2402,-0.0034263325
2403,0.04939752
2404,-0.019820793
2405,-0.026906043
2406,0.029913504
2407,-0.03847958
2408,0.067333564
2409,-0.0071123955
2410,0.016792761
2411,-0.010088427
2412,0.013240048
2413,0.0071071708
2414,0.012744724
2415,-0.0073835435
2416,0.0023375559
2417,-0.009471909
2418,0.00016808456
2419,-0.0115641765
2420,0.016173357
2421,0.017670354
2422,0.040330175
2423,-0.008367136
2424,0.007947151
2425,0.02192016
2426,0.014396269
2427,0.044854738
2428,0.046872657
2429,-0.0136877345
2430,0.027533598
2431,-0.01198019
2432,0.013699928
2433,0.0063115614
2434,0.011056609
2435,-0.021847717
2436,-0.008410317
2437,-0.032285318
2438,0.0071202056
2439,0.0034062474
2440,-0.0371281
2441,0.0071232873
2442,-0.029017258
2443,-0.025494786
2444,0.00374753
2445,0.039054215
2446,0.032570448
2447,-8.123096e-05
2448,-0.048645634
2449,0.019092415
2450,0.00053311524
2451,0.014815215
2452,-0.0115043055
2453,0.032895014
2454,0.022445848
2455,-0.013145304
2456,-0.002909819
2457,0.026904678
2458,-0.036188185
2459,-0.027299946
2460,-0.031548023
2461,0.050321065
2462,0.0067792186
2463,0.021267205
2464,0.04056219
2465,-0.015200879
2466,0.0064198775
2467,0.023751067
2468,0.022140063
2469,-0.02018872
2470,-0.0059442725
2471,-0.0008059504
2472,0.0109594865
2473,-0.0055958675
2474,0.035778075
2475,-0.01680311
2476,-0.00040209305
2477,-0.0024412128
2478,0.018939363
2479,-0.017378947
2480,0.0033855638
2481,0.004305446
2482,0.0024009107
2483,0.02841445
2484,-0.063221015
2485,-0.044792723
2486,-0.005849025
2487,0.0003437534
2488,-0.032083504
2489,-0.014697068
2490,-0.019054601
2491,-0.035869315
2492,0.0142199285
2493,-0.014582083
2494,0.0066322954
2495,0.012283491
2496,0.019750958
2497,0.003932225
2498,-0.028194608
2499,-0.018825222
2500,0.0106803095
2501,-0.0012038564
2502,0.040277246
2503,-0.019237947
2504,-0.031422157
2505,-0.0069839098
2506,-0.00995805
2507,-0.037811674
2508,-0.027777111
2509,0.05117492
2510,0.01211046
2511,-0.025959661
2512,-0.009455984
2513,-0.0054730615
2514,-0.014926962
2515,0.020392684
2516,-0.013595818
2517,0.03768415
2518,-0.008699263
2519,-0.031079663
2520,-0.021745134
2521,0.018484185
2522,0.002965888
2523,-0.01995243
2524,0.019323701
2525,-0.0057252552
2526,0.016371604
2527,0.02204019
2528,-0.018515138
2529,0.019253822
2530,0.054125287
2531,-0.004423762
2532,0.0115334615
2533,0.017625058
2534,-0.015917031
2535,0.010317327
2536,0.02082991
2537,-0.0045556477
2538,-0.01366904
2539,0.012454779
2540,-0.012195101
2541,-0.01932215
2542,-0.023196261
2543,0.011759922
2544,-0.008375016
2545,0.024920175
2546,0.006515173
2547,-0.04077075
2548,-0.0035865542
2549,0.032847688
2550,-0.022483712
2551,-0.0064217844
2552,-0.02086353
2553,0.0011356812
2554,0.02459349
2555,-0.008319143
2556,-0.01876448
2557,-0.03399604
2558,-0.046547927
2559,0.026374225
2560,-0.00243011
2561,-0.048544876
2562,0.03467038
2563,0.045345567
2564,0.015115774
2565,0.034118213
2566,0.028731387
2567,0.024582023
2568,-0.0043258024
2569,-0.028671524
2570,0.011178416
2571,-0.02864587
2572,-0.007240894
2573,-0.008797868
2574,-0.03769517
2575,-0.00075968524
2576,-0.011760101
2577,-0.018253103
2578,-0.035465237
2579,-0.019653471
2580,0.033912245
2581,0.015773783
2582,-0.037804917
2583,0.021276116
2584,-0.012612878
2585,0.00012710967
2586,0.00551893
2587,-0.0056158765
2588,0.027940607
2589,-0.011042965
2590,-0.01901737
2591,0.034677878
2592,-0.015503434
2593,-0.008588213
2594,0.0074077765
2595,-0.009006458
2596,0.050529968
2597,0.019011542
2598,-0.017372087
2599,0.0020542082
2600,-0.043386158
2601,0.017683676
2602,-0.0003989183
2603,-0.0077277767
2604,-0.030057384
2605,0.012226018
2606,-0.0017411741
2607,0.0008821977
2608,0.0075432565
2609,-0.0144207785
2610,0.016399754
2611,0.015344808
2612,-0.025755456
2613,-0.009383932
2614,-0.03418554
2615,0.0074405684
2616,-0.032601215
2617,-0.034502644
2618,-0.011026898
2619,-0.02012403
2620,-0.007853683
2621,0.024467137
2622,0.04155297
2623,0.008136107
2624,-0.0057220315
2625,-0.015067959
2626,-0.008053279
2627,-0.012543861
2628,-0.028685862
2629,0.021113405
2630,-0.003283201
2631,-0.002126999
2632,-0.029434282
2633,0.0062356666
2634,0.0014671431
2635,-0.028864877
2636,0.010886537
2637,0.029215742
2638,-0.020162674
2639,0.02368656
2640,0.042494405
2641,-0.0036217803
2642,-0.0032412482
2643,0.008663231
2644,-0.050201025
2645,-0.0015709826
2646,0.009405904
2647,0.018221669
2648,-0.011271323
2649,0.0035562431
2650,0.033444677
2651,-0.0056866156
2652,0.016948016
2653,-0.02016563
2654,0.002092054
2655,-0.01607772
2656,0.03237082
2657,-0.016130576
2658,-0.040509216
2659,0.033544857
2660,-0.019055692
2661,0.028789675
2662,0.00074505317
2663,-0.03565921
2664,-0.0054779295
2665,0.004069506
2666,0.009395225
2667,0.013292356
2668,-0.0028042193
2669,-0.01784614
2670,-0.014659002
2671,0.00514625
2672,-0.0055251326
2673,-0.050857887
2674,-0.009845116
2675,0.024944866
2676,0.0051951744
2677,0.03554608
2678,0.046473388
2679,0.0020234492
2680,-0.016884645
2681,0.012536152
2682,0.03430861
2683,0.035340793
2684,-0.008715305
2685,0.009879706
2686,0.004112729
2687,0.0022991528
2688,-0.0001805762
2689,0.06268201
2690,0.028804133
2691,0.012555786
2692,0.027927762
2693,-0.008736578
2694,-0.024040472
2695,0.0078862915
2696,0.0046623605
2697,-0.007047156
2698,0.0031967447
2699,-0.01326535
2700,0.015383404
2701,0.030166497
2702,-0.0026587588
2703,0.014759132
2704,-0.015699552
2705,0.0035262418
2706,0.0070383954
2707,0.0009523861
2708,-0.023385294
2709,-0.0152646415
2710,0.042827707
2711,0.009785342
2712,-0.019631024
2713,-0.03373526
2714,-0.0032566583
2715,-0.011948971
2716,0.0028370118
2717,0.01661142
2718,-0.0067549543
2719,-0.043672018
2720,0.022639211
2721,0.05137455
2722,-0.06405117
2723,0.0050681895
2724,0.005018347
2725,0.0023224903
2726,-0.021541027
2727,-0.013997096
2728,-0.007526892
2729,-0.047216896
2730,0.025041033
2731,0.03315658
2732,-0.0022976624
2733,-0.0054937876
2734,-0.019808456
2735,-0.0049563986
2736,0.0027284594
2737,-0.04527358
2738,-0.0008038774
2739,0.011918948
2740,-0.058388293
2741,0.028521836
2742,0.0017344776
2743,-0.031444967
2744,0.021111142
2745,0.028299965
2746,0.03191013
2747,-0.0035197285
2748,0.052836724
2749,-0.0026680827
2750,-0.008441559
2751,0.037701316
2752,-0.011219691
2753,0.040887404
2754,0.022150291
2755,0.02040662
2756,-0.000115699135
2757,-0.043734394
2758,-0.001589529
2759,-0.017569616
2760,-0.018371103
2761,0.0149717275
2762,-0.010356286
2763,-0.017488282
2764,-0.051528297
2765,-0.004226773
2766,-0.028129805
2767,0.0077583995
2768,-0.0061058467
2769,0.019846398
2770,-0.017227788
2771,0.0061218194
2772,-0.047675032
2773,-0.0101092
2774,0.03020058
2775,-0.018563924
2776,0.020412948
2777,-0.014045473
2778,-0.0303619
2779,-0.021892002
2780,0.008119077
2781,-0.061911374
2782,0.0191407
2783,0.011662402
2784,0.04129203
2785,0.010115824
2786,0.010827512
2787,0.06419669
2788,0.0697194
2789,0.0018903234
2790,0.0029332016
2791,-0.03334871
2792,-0.030257834
2793,0.017195076
2794,-0.00854679
2795,0.018871268
2796,0.0062981416
2797,0.014589208
2798,0.025761658
2799,-0.056971606
2800,-0.025068961
2801,-0.0537247
2802,-0.008744357
2803,-0.021866985
2804,-0.034508012
2805,-0.032254912
2806,0.035962556
2807,0.020656148
2808,-0.0073396587
2809,-0.0023882734
2810,-0.017279467
2811,0.006890374
2812,0.02093973
2813,0.009639945
2814,0.008102537
2815,0.00048172392
2816,0.0059592044
2817,0.026162239
2818,0.032841116
2819,0.002561296
2820,0.010420365
2821,0.03372416
2822,-0.017168205
2823,-0.06620356
2824,0.01633944
2825,-0.021639721
2826,-0.030932436
2827,-0.032106504
2828,0.006940201
2829,0.0021476985
2830,0.0070114057
2831,-0.03728746
2832,-0.008497734
2833,-0.049978945
2834,-0.018947199
2835,0.039375152
2836,0.016285919
2837,-0.028493233
2838,0.0017608257
2839,-0.048949357
2840,0.010643418
2841,0.0141557865
2842,-0.040657688
2843,-0.013224781
2844,-0.050554577
2845,-0.01673839
2846,0.023154339
2847,-0.03855832
2848,0.027158137
2849,-0.009733941
2850,-0.024140066
2851,0.031212127
2852,0.005610435
2853,-0.011933399
2854,-0.010266662
2855,-0.03830899
2856,0.0121589545
2857,0.023963131
2858,-0.0021345625
2859,0.0029613043
2860,-0.016545223
2861,-0.011891238
2862,0.03742973
2863,-0.028055765
2864,-0.06528714
2865,0.015576713
2866,0.01595012
2867,0.006122259
2868,0.04788953
2869,0.0012263346
2870,-0.0015406327
2871,-0.022159405
2872,0.014548208
2873,-0.00021061969
2874,-0.0032898637
2875,-0.010749061
2876,0.02964155
2877,0.013251377
2878,0.019161304
2879,0.003416898
2880,-0.026769396
2881,0.010350564
2882,-0.0037670194
2883,0.029457167
2884,-0.00891761
2885,-0.016105756
2886,0.010566771
2887,0.016558029
2888,0.004661658
2889,-0.02232749
2890,-0.018138349
2891,-0.0017552994
2892,0.01114821
2893,-0.0042800233
2894,-0.05598982
2895,-0.011027171
2896,0.049794994
2897,0.03380172
2898,0.00729454
2899,-0.026818449
2900,0.0037462914
2901,-0.023761358
2902,-0.02329065
2903,0.002602036
2904,0.027768234
2905,-0.020400906
2906,0.0017051538
2907,-0.04397672
2908,-0.02011341
2909,0.033808444
2910,-0.028679842
2911,0.01785973
2912,-0.0006191901
2913,-0.016705776
2914,0.0070953993
2915,0.046011012
2916,0.005445854
2917,0.041629754
2918,0.017159037
2919,0.04894793
2920,0.015222537
2921,0.0044494015
2922,0.061872076
2923,0.027851777
2924,-0.004891388
2925,0.0036877852
2926,-0.027653072
2927,0.008575272
2928,0.0105380565
2929,0.00022921909
2930,0.0040200613
2931,-0.01314453
2932,0.02575039
2933,0.017474933
2934,0.010784658
2935,-0.028801942
2936,-0.018597865
2937,0.02356997
2938,0.010006439
2939,-0.024114873
2940,-0.0028353215
2941,0.0057344963
2942,0.027793411
2943,-0.0007375685
2944,0.016453382
2945,0.0018834132
2946,0.014518524
2947,-0.0031465013
2948,0.026798572
2949,0.00808104
2950,0.036989715
2951,-0.024428591
2952,0.016333934
2953,-0.05523414
2954,-0.012945089
2955,0.056052797
2956,-0.025575638
2957,0.03917694
2958,-0.029901048
2959,0.008023143
2960,0.007448278
2961,0.0043829028
2962,0.028106535
2963,0.010191617
2964,0.002757058
2965,-0.013919214
2966,-0.022309482
2967,-0.029518638
2968,0.0011906388
2969,-0.036824025
2970,-0.022244439
2971,-0.0148008205
2972,0.013187876
2973,-0.00039099358
2974,-0.011124793
2975,0.007329632
2976,0.00076119334
2977,0.031424645
2978,-0.0050575505
2979,0.008580602
2980,-0.01808224
2981,0.025470495
2982,-0.0053209304
2983,-0.031339534
2984,-0.02854905
2985,0.033914007
2986,-0.019342903
2987,-0.0038309935
2988,-0.0002441322
2989,0.016858416
2990,0.002582638
2991,0.036250457
2992,0.0028730573
2993,0.012295356
2994,-0.029011033
2995,0.015547832
2996,0.0078060427
2997,0.0040674387
2998,0.039365478
2999,-0.01565474
3000,-0.028926227
3001,-0.03920885
3002,0.025250535
3003,0.034461312
3004,-0.040582325
3005,-0.010685541
3006,0.031558305
3007,0.019309452
3008,-0.041773286
3009,0.0104726935
3010,-0.014953111
3011,-0.00037501333
3012,0.020617483
3013,0.006718005
3014,-0.019134624
3015,0.001307674
3016,0.013175955
3017,0.03903108
3018,0.070574544
3019,-0.03104466
3020,-0.0170682
3021,-0.023079386
3022,-0.03915069
3023,-0.039875753
3024,0.0052125114
3025,0.012636477
3026,-0.009701995
3027,-0.03057387
3028,-0.016727109
3029,-0.016057393
3030,-0.008240147
3031,-0.0034473722
3032,-0.0031313673
3033,-0.03471893
3034,-0.006738316
3035,-0.025409682
3036,-0.011979103
3037,0.008010976
3038,0.017159173
3039,-0.0073370403
3040,-0.018628048
3041,-0.04117071
3042,-0.016993843
3043,0.0037071798
3044,-0.00036174135
3045,-0.004154095
3046,0.031207955
3047,0.023712186
3048,-0.030747216
3049,0.014398724
3050,-0.03923139
3051,-0.0030581125
3052,0.052577328
3053,-0.02261274
3054,0.03448055
3055,-0.020890025
3056,0.009452754
3057,-0.0014858556
3058,-0.015779098
3059,0.026074912
3060,-0.041125488
3061,-0.0137454085
3062,0.0037938873
3063,0.020674016
3064,0.0058164094
3065,-0.023266587
3066,0.0069791214
3067,0.02184362
3068,-0.08847744
3069,0.0028271496
3070,-0.016051989
3071,-0.036118865
3072,-0.024289912
3073,-0.053248476
3074,-0.013269529
3075,-0.019138338
3076,0.006578442
3077,-0.017301282
3078,0.017284943
3079,-0.013561234
3080,-0.027383905
3081,0.0007954278
3082,0.00790884
3083,-0.0021376973
3084,0.015833694
3085,0.044733822
3086,0.019349795
3087,0.0011714252
3088,-0.037404325
3089,0.013555732
3090,0.025866885
3091,-0.019495875
3092,-0.055729836
3093,-0.007980986
3094,0.009161712
3095,0.013252539
3096,-0.031419728
3097,-0.02934364
3098,-0.010947247
3099,-0.05100689
3100,0.0051431153
3101,0.017089052
3102,0.02936839
3103,-0.025741203
3104,-0.03120694
3105,-0.008333385
3106,0.033141725
3107,-0.036014307
3108,0.006600447
3109,-0.04259719
3110,0.011585161
3111,0.009820191
3112,-0.015671827
3113,-0.042929422
3114,0.008227003
3115,0.026107945
3116,0.012719456
3117,0.029381044
3118,-0.015826352
3119,0.025160247
3120,0.009293047
3121,0.03192051
3122,-0.021228336
3123,0.0028679264
3124,-0.0088704135
3125,0.0046357727
3126,0.016485007
3127,-0.029933944
3128,-0.010154422
3129,0.007663302
3130,0.002505247
3131,0.015229488
3132,0.012281733
3133,0.01728977
3134,-0.038635053
3135,-0.029199071
3136,0.009942496
3137,-0.021819301
3138,0.06459198
3139,0.03802852
3140,-0.012596862
3141,-0.0067092655
3142,0.033059493
3143,0.00853543
3144,-0.011296387
3145,0.015004343
3146,0.0066202367
3147,-0.0026762367
3148,0.014607285
3149,0.00051804737
3150,-0.028534444
3151,-0.00477831
3152,-0.01579242
3153,0.017031038
3154,0.0018079273
3155,0.0025264316
3156,0.036340024
3157,-0.018706338
3158,0.0031025847
3159,-0.016599339
3160,0.0031746668
3161,0.0068066525
3162,0.038719475
3163,0.021576552
3164,-0.015508426
3165,-0.0068266755
3166,-0.022292407
3167,0.03841437
3168,0.008291586
3169,-0.011216011
3170,0.025525833
3171,-0.031537514
3172,-0.015399521
3173,0.015808586
3174,0.02296185
3175,0.026379598
3176,0.020561112
3177,0.022395423
3178,0.008129316
3179,0.0086457
3180,-0.01627332
3181,0.01774766
3182,-0.013724575
3183,-0.05273574
3184,-0.006603577
3185,0.00867961
3186,0.03293597
3187,0.025479006
3188,0.057543766
3189,-0.0074936645
3190,0.02128627
3191,0.060991045
3192,0.021842266
3193,0.022159334
3194,0.0062594735
3195,0.019475332
3196,-0.027775776
3197,-0.0067369393
3198,0.03239185
3199,0.009373085
3200,0.010038149
3201,-0.012840864
3202,-0.039779875
3203,-0.007219562
3204,0.024456222
3205,0.00070112414
3206,-0.0008089538
3207,0.028601551
3208,-0.02215671
3209,0.02273836
3210,0.014277789
3211,-0.0014625192
3212,0.0145323295
3213,0.0004452433
3214,0.026750645
3215,-0.040619276
3216,-0.013004132
3217,-0.006433537
3218,0.017267885
3219,0.018421125
3220,0.022858225
3221,-0.002124796
3222,0.0017817714
3223,-0.0074785044
3224,0.007395669
3225,0.009918508
3226,0.0070736795
3227,-0.022532525
3228,-0.041932985
3229,-0.04453152
3230,0.011042771
3231,-0.042264223
3232,-0.015210155
3233,-0.024175499
3234,-0.042400356
3235,-0.024864884
3236,0.007608734
3237,-0.005600888
3238,-0.018317062
3239,-0.0075610974
3240,0.021124886
3241,-0.040467776
3242,0.012810157
3243,0.020201292
3244,-0.0069694035
3245,-0.013685983
3246,-0.0070726443
3247,0.00011274827
3248,0.021023506
3249,0.03506863
3250,-0.003837152
3251,-0.0062955054
3252,-0.02149323
3253,0.011439485
3254,-0.03195192
3255,-0.030213887
3256,-0.0040303385
3257,0.015975611
3258,-0.07612802
3259,-0.004931321
3260,-0.037564147
3261,-0.023997823
3262,0.010645527
3263,-0.021481855
3264,0.0633164
3265,0.03340437
3266,0.0038272883
3267,-0.022506988
3268,-0.018004507
3269,-0.004304078
3270,-0.03518278
3271,-0.00089193607
3272,0.00019667268
3273,-0.004790278
3274,0.02817609
3275,-0.011177555
3276,-0.027972125
3277,-0.030781588
3278,-0.007646675
3279,0.018002845
3280,0.01665192
3281,0.066114314
3282,0.013371032
3283,-0.04694629
3284,0.014435496
3285,0.00046176932
3286,-0.008329035
3287,-0.024585994
3288,-0.009070422
3289,-0.027717177
3290,0.034859274
3291,-0.032126717
3292,0.0002726543
3293,-0.007135614
3294,0.0005614049
3295,-0.013838099
3296,0.01253265
3297,-0.00546354
3298,-0.018013733
3299,-0.04268494
3300,-0.037102584
3301,0.030488878
3302,0.04385373
3303,-0.0086542545
3304,-0.0028112256
3305,-0.022313338
3306,-0.010876648
3307,0.014941881
3308,0.02453007
3309,0.008803377
3310,-0.0015304155
3311,-0.022561299
3312,0.028697187
3313,-0.0034439783
3314,-0.027744187
3315,0.0069622938
3316,0.008961203
3317,-0.014549967
3318,0.0074844607
3319,-0.008388161
3320,0.0028924465
3321,0.009412698
3322,0.020035166
3323,-0.029201405
3324,0.05231165
3325,0.03832251
3326,0.0048931153
3327,-0.013536217
3328,0.035197753
3329,-0.004349115
3330,0.0012626456
3331,-0.024945358
3332,-0.0004287076
3333,-0.004202265
3334,0.026913863
3335,-0.0049299924
3336,-0.03484179
3337,-0.009840673
3338,-0.021660147
3339,-0.020495579
3340,0.020221489
3341,0.014784649
3342,-0.042473346
3343,0.021689601
3344,-0.0073720138
3345,-0.0010736819
3346,0.020594552
3347,0.008118625
3348,-0.01637419
3349,0.015056377
3350,0.025346888
3351,-0.0034398043
3352,0.03533698
3353,-0.01934762
3354,0.004140903
3355,-0.027261402
3356,-0.04426289
3357,0.012098661
3358,0.039043963
3359,0.024754014
3360,0.0012359972
3361,-0.028509725
3362,0.02302306
3363,-0.011863823
3364,0.009301619
3365,-0.00424256
3366,0.023530982
3367,-0.025797537
3368,0.039928164
3369,0.0258365
3370,-0.0070162686
3371,-0.00798583
3372,0.02439779
3373,-0.024773408
3374,0.011458874
3375,0.011646508
3376,0.010604268
3377,-0.03328801
3378,0.0182845
3379,-0.008097243
3380,0.04496448
3381,-0.044742413
3382,-0.0051638195
3383,-0.0073515885
3384,-0.0028306954
3385,0.02454177
3386,0.0028920907
3387,-0.0433488
3388,0.0061180852
3389,-0.011334967
3390,-0.007067339
3391,-0.012100177
3392,0.020928437
3393,0.0071945544
3394,-0.0054804324
3395,0.018964592
3396,0.025194226
3397,0.03432566
3398,0.005299876
3399,0.004601502
3400,0.02743839
3401,0.015418462
3402,-0.01231912
3403,-0.02289278
3404,-0.015403356
3405,0.009324938
3406,-0.0021368528
3407,-0.02218162
3408,-0.02349864
3409,0.048769463
3410,0.012451118
3411,0.011354244
3412,0.014772421
3413,0.019986082
3414,-0.012726415
3415,0.0032409187
3416,-0.025661858
3417,0.0150569435
3418,-0.012314936
3419,0.02131682
3420,-0.011515031
3421,-0.027754726
3422,-0.039137315
3423,-0.030382153
3424,-0.021730736
3425,0.019441327
3426,0.01743507
3427,-0.03103461
3428,-0.014900029
3429,-0.03970948
3430,0.017137837
3431,-0.0034099964
3432,-0.008362433
3433,0.012475195
3434,0.043069728
3435,-0.006864359
3436,-0.015330416
3437,-0.0076824357
3438,0.045022864
3439,0.004587105
3440,-0.040204853
3441,-0.048669666
3442,-0.013858983
3443,-0.012397488
3444,0.01628625
3445,-0.01769271
3446,-0.0020052635
3447,0.0064589716
3448,-0.041069683
3449,0.0038947086
3450,0.012416534
3451,0.026812363
3452,4.2706903e-05
3453,-0.022045782
3454,-0.022588275
3455,0.015158056
3456,0.016798561
3457,0.021807827
3458,0.0008423618
3459,-0.040672068
3460,-0.048692204
3461,0.025915518
3462,0.013861084
3463,0.0043303976
3464,-0.011754931
3465,0.011890795
3466,0.026232364
3467,-0.0057858927
3468,-0.006309395
3469,-0.011077921
3470,0.025952365
3471,0.0345456
3472,0.04913904
3473,-0.017530363
3474,0.029382793
3475,0.022797434
3476,0.008094535
3477,0.008882207
3478,0.033301875
3479,0.0062186923
3480,0.0031643335
3481,-0.011741399
3482,0.027085444
3483,0.0169969
3484,0.04302682
3485,0.01733302
3486,0.02280589
3487,-0.01877689
3488,0.025881706
3489,0.0056613944
3490,-0.0081576565
3491,0.024107164
3492,-0.0066597587
3493,-0.012549939
3494,0.0129461605
3495,0.01754783
3496,0.056679834
3497,-0.01650313
3498,0.022338275
3499,0.035192788
3500,-0.021766108
3501,-0.004521376
3502,-0.00026322145
3503,0.009800932
3504,-0.0032095711
3505,-0.0053866757
3506,0.032300845
3507,0.012086455
3508,-0.0213952
3509,0.005363439
3510,0.018420428
3511,-0.026324231
3512,-0.0028439937
3513,0.011533918
3514,0.006268963
3515,0.008279906
3516,0.038316276
3517,-0.018544573
3518,-0.011243964
3519,-0.022743896
3520,-0.012581876
3521,0.0369044
3522,-0.01538888
3523,-0.0019410421
3524,-0.006582307
3525,0.010927953
3526,-0.006206692
3527,-0.0132180825
3528,-0.003370994
3529,-0.012662772
3530,0.024446812
3531,-0.013539522
3532,0.0068305205
3533,-0.034040697
3534,0.0012452027
3535,-0.007884675
3536,-0.03349764
3537,-0.020770894
3538,0.011075694
3539,0.012165107
3540,-0.007535232
3541,0.0010824087
3542,-0.020076923
3543,0.026144221
3544,0.041058112
3545,-0.0006727363
3546,-0.0002530325
3547,0.000840197
3548,-0.017323717
3549,-0.019298144
3550,-0.0023218445
3551,-0.021474987
3552,-0.029192327
3553,0.0065737306
3554,-0.04223911
3555,-0.017253345
3556,0.028235745
3557,-0.024267618
3558,0.0038335705
3559,-0.025218355
3560,0.009185591
3561,0.0141350655
3562,0.02363087
3563,-0.02348277
3564,-0.00546301
3565,0.0030290117
3566,0.004968398
3567,0.008803311
3568,0.0013268103
3569,-0.026846223
3570,0.01156144
3571,0.009391295
3572,0.028026657
3573,-0.01477737
3574,-0.025924435
3575,-0.023592073
3576,-0.040934138
3577,-0.0026171175
3578,0.007837725
3579,0.0032686999
3580,0.005468145
3581,0.008014003
3582,0.005034795
3583,0.015334445
3584,-0.004414353
3585,-0.017768325
3586,-0.023627847
3587,-0.03614811
3588,0.0027098416
3589,0.03454043
3590,0.045291387
3591,-0.008842508
3592,0.0072396374
3593,-0.042461313
3594,0.029140303
3595,-0.023848932
3596,0.07194307
3597,0.004664155
3598,-0.034277875
3599,0.005714567
3600,-0.015963653
3601,0.017049586
3602,-0.034411088
3603,0.024885481
3604,0.033784755
3605,-2.2871289e-05
3606,0.03561958
3607,0.028108492
3608,0.00037687176
3609,0.043677274
3610,-0.011583286
3611,0.026568772
3612,-0.002314852
3613,0.022797856
3614,0.017141277
3615,-0.01337485
3616,-0.009195135
3617,-0.03486441
3618,-0.01344773
3619,-0.030116523
3620,-0.01003322
3621,0.027148556
3622,-0.0085896
3623,-0.0041666357
3624,0.0011632041
3625,0.008131703
3626,0.054813422
3627,0.003447616
3628,-0.011352652
3629,-0.0016805598
3630,0.029393513
3631,-0.038411573
3632,0.004115918
3633,-0.04101176
3634,0.027867423
3635,-0.00073727145
3636,-0.016293637
3637,0.04119468
3638,-0.0014512333
3639,-0.0019327909
3640,0.0142599195
3641,0.057291094
3642,-0.026578272
3643,0.0006592103
3644,-0.040959477
3645,0.00787055
3646,-0.02472425
3647,0.0013554601
3648,0.029098855
3649,-0.012371698
3650,0.011438661
3651,-0.024174735
3652,0.01220382
3653,0.042453285
3654,-0.026490811
3655,-0.012083651
3656,-0.0036037522
3657,-0.016460441
3658,0.0029660377
3659,-0.021241596
3660,0.026275823
3661,-0.023424817
3662,-0.041852385
3663,-0.004191074
3664,0.01949664
3665,0.0005293645
3666,0.000718111
3667,0.01591967
3668,-0.013691048
3669,-0.00892137
3670,0.017490953
3671,0.0093859
3672,0.014111637
3673,0.003908712
3674,0.014121923
3675,-0.0016652491
3676,-0.004506535
3677,-0.003379753
3678,0.04315691
3679,0.028285911
3680,-0.03318508
3681,-0.009764474
3682,-0.0063834228
3683,0.008379307
3684,-0.03484764
3685,-0.0050387466
3686,0.04477421
3687,-0.017955208
3688,0.00785401
3689,-0.0036274504
3690,0.021458704
3691,-0.025017168
3692,0.030467868
3693,-0.00846461
3694,0.017592687
3695,-0.01956694
3696,0.02806991
3697,-0.018197
3698,-0.02925191
3699,0.03272759
3700,0.04063614
3701,0.016469384
3702,0.043608777
3703,0.015479785
3704,-0.036036137
3705,-0.046038195
3706,0.026021533
3707,0.020110939
3708,0.0032982903
3709,-0.038181674
3710,-0.021607703
3711,-0.0077633103
3712,0.014064392
3713,-0.021218421
3714,-0.04324758
3715,-0.008606742
3716,0.05228086
3717,0.026265899
3718,-0.004181886
3719,0.018685685
3720,0.014834157
3721,-0.031808905
3722,0.00017866961
3723,0.005340919
3724,0.01949742
3725,0.015567286
3726,0.020987054
3727,-0.006526346
3728,0.0025234339
3729,-0.0057127727
3730,0.014301995
3731,-0.0071994523
3732,-0.027594917
3733,-0.0058811493
3734,-0.0293442
3735,-0.0315683
3736,0.007616759
3737,-0.051835384
3738,0.014941532
3739,-0.024427097
3740,0.0067107505
3741,-0.020413155
3742,0.0008373648
3743,0.012063998
3744,-0.01108271
3745,0.010433019
3746,0.03428747
3747,-0.0011273149
3748,0.037530936
3749,0.042417113
3750,-0.030624695
3751,-0.012507033
3752,-0.018241588
3753,0.009396652
3754,0.00026268073
3755,0.013081492
3756,0.0011762276
3757,-0.007249917
3758,0.047330707
3759,0.017858075
3760,0.024415968
3761,0.006254205
3762,-0.0006416517
3763,0.005186407
3764,-0.026243908
3765,0.010975089
3766,0.019356338
3767,0.025036512
3768,0.00586817
3769,-0.021582553
3770,-0.03345436
3771,-0.04432404
3772,-0.018536478
3773,0.018746238
3774,0.0012067914
3775,-0.017005524
3776,-0.0048724483
3777,0.020754702
3778,-0.019458797
3779,-0.010057494
3780,-0.0075610345
3781,0.0040446664
3782,0.035027273
3783,-0.012919091
3784,0.014265015
3785,0.009172032
3786,-0.03518745
3787,0.0028012178
3788,-0.018217465
3789,0.0054526934
3790,0.0016811924
3791,-0.006108166
3792,-0.015044705
3793,-0.015070013
3794,0.0029662773
3795,0.036041237
3796,0.023264432
3797,0.031187346
3798,0.06044157
3799,0.015112082
3800,-0.043221693
3801,-0.011311514
3802,-0.027220396
3803,0.021347256
3804,0.020873047
3805,-0.0015468955
3806,-0.017191282
3807,0.03053745
3808,-0.019901004
3809,-0.010330943
3810,0.021908298
3811,-0.015990585
3812,0.018252848
3813,0.009840319
3814,0.026496071
3815,0.022085031
3816,-0.012797306
3817,-0.020586032
3818,0.012781217
3819,-0.018463226
3820,0.03765899
3821,-0.042729557
3822,0.039974555
3823,0.03297497
3824,0.04787912
3825,0.003706384
3826,0.031950533
3827,0.014103429
3828,-0.003193905
3829,0.017958414
3830,-0.02209813
3831,0.012718522
3832,0.012396209
3833,0.048743762
3834,-0.033252638
3835,-0.015076211
3836,-0.036041986
3837,0.023607502
3838,0.025778687
3839,0.015427383
3840,-0.015724886
3841,-0.016954776
3842,-0.016216027
3843,-0.0029498439
3844,0.028811857
3845,0.04159479
3846,0.0061005624
3847,-0.008701476
3848,-0.026683524
3849,0.03020744
3850,-0.010626217
3851,-0.031739686
3852,-0.020688284
3853,0.012135665
3854,0.013112792
3855,0.001560398
3856,-0.015553292
3857,0.0013710392
3858,-0.000469887
3859,-0.009656295
3860,-0.012139557
3861,0.014671276
3862,-0.034137044
3863,0.018875042
3864,0.015157078
3865,0.017306155
3866,0.033320215
3867,0.034834307
3868,0.043909796
3869,0.03346925
3870,0.029668976
3871,0.031125741
3872,0.013195978
3873,-0.04347061
3874,0.00071657135
3875,0.037726562
3876,-0.028839719
3877,-0.05206315
3878,0.027976664
3879,0.007013827
3880,0.0061936826
3881,0.009890108
3882,-0.018208032
3883,0.051041495
3884,-0.02205797
3885,-0.011843669
3886,-0.0059010303
3887,-0.0018995539
3888,-0.025398325
3889,0.0128686605
3890,-0.00893
3891,0.011935217
3892,-0.0103312805
3893,-0.02907697
3894,0.018239854
3895,0.008638427
3896,0.024120606
3897,-0.035656884
3898,-0.016578952
3899,-0.05092285
3900,-0.02500031
3901,0.030438963
3902,0.0076029277
3903,0.014393011
3904,0.008676499
3905,0.017313778
3906,0.006130331
3907,-0.017337648
3908,-0.0003398158
3909,0.01868141
3910,0.001762233
3911,0.047790807
3912,0.019925976
3913,-0.0074304896
3914,-0.0017815618
3915,0.025212131
3916,-0.04197268
3917,0.002889926
3918,-0.028560184
3919,-0.009499889
3920,0.025952723
3921,-0.0062746424
3922,-0.047243606
3923,-0.005931828
3924,0.020151766
3925,-0.018642055
3926,0.024373705
3927,0.027445246
3928,-0.01933014
3929,0.014818052
3930,-0.015242968
3931,-0.0092029935
3932,-0.01932313
3933,0.01897674
3934,0.00373925
3935,-0.024517959
3936,-0.015237739
3937,-0.00220641
3938,0.014135602
3939,0.023057042
3940,0.023825625
3941,0.0031974507
3942,0.028989417
3943,0.013228591
3944,0.012062365
3945,0.0183517
3946,-0.02016762
3947,0.0015134307
3948,-0.046494287
3949,-0.015903471
3950,-0.0056530903
3951,-0.010913842
3952,-0.007839279
3953,-0.008775168
3954,0.012017117
3955,-0.018004071
3956,0.028260883
3957,0.0030564843
3958,0.024062304
3959,0.05373361
3960,-0.02607475
3961,0.031075105
3962,-0.037241075
3963,0.009042685
3964,0.010347409
3965,-0.0032632088
3966,-0.010628307
3967,-0.03608292
3968,-0.013622403
3969,0.024707565
3970,-0.018393382
3971,0.013917286
3972,0.008431536
3973,0.016664492
3974,0.00353722
3975,0.013929565
3976,0.025592452
3977,-0.012652608
3978,-0.0052410043
3979,-0.009152034
3980,0.0027427294
3981,0.013849965
3982,-0.022969116
3983,0.0015951305
3984,-0.03586052
3985,-0.0065853377
3986,-0.014360667
3987,0.013770314
3988,-0.02410298
3989,0.037360713
3990,-0.04224133
3991,0.008351471
3992,0.006085841
3993,0.0006366129
3994,0.019528763
3995,0.00056511967
3996,0.031390235
3997,0.028333856
3998,-0.019766295
3999,-0.0135232285
4000,0.00167311
4001,-0.029053718
4002,0.021234611
4003,0.0020519786
4004,0.025492184
4005,-0.00976337
4006,-0.08544527
4007,-0.020461597
4008,0.025242206
4009,-0.016335506
4010,0.019239783
4011,-0.013661759
4012,-0.017208587
4013,0.017923342
4014,-0.035063036
4015,-0.038523685
4016,0.022662185
4017,0.0033661535
4018,-0.0017241291
4019,0.0031743597
4020,0.0018804518
4021,0.03657074
4022,-0.03980856
4023,-0.020519715
4024,-0.013607826
4025,-0.009714156
4026,0.00033904382
4027,-0.017537694
4028,-0.028659303
4029,0.046831325
4030,0.03481031
4031,0.014616068
4032,-0.0015725557
4033,-0.012100078
4034,0.0058431057
4035,-0.011151124
4036,-0.003917233
4037,-0.04504188
4038,0.004194536
4039,-0.0033251557
4040,0.031412147
4041,-0.010501949
4042,-0.0011688378
4043,-0.06000713
4044,-0.004685692
4045,0.012095015
4046,-0.0005244741
4047,0.021451939
4048,0.0032750166
4049,-0.0028298423
4050,0.004886514
4051,0.0008575006
4052,-0.008284408
4053,-0.030635651
4054,-0.009016175
4055,-0.004320155
4056,0.012832257
4057,0.03028478
4058,0.0059936284
4059,-0.022698026
4060,0.013313245
4061,-0.06339387
4062,-0.0075606694
4063,0.019008737
4064,0.03589759
4065,0.03947058
4066,-0.03000087
4067,0.008081712
4068,-0.0023916117
4069,0.036365602
4070,-0.002381385
4071,0.0051937285
4072,0.01241324
4073,-0.014607531
4074,0.021373348
4075,-0.0009949532
4076,0.0008238201
4077,-0.03442096
4078,0.020868972
4079,-0.014683987
4080,0.019423326
4081,-0.06145108
4082,0.0025972584
4083,-0.02598206
4084,0.028360961
4085,-0.05205532
4086,-0.020270204
4087,-0.014393529
4088,-0.0034195327
4089,0.029163234
4090,-0.007473108
4091,-0.013840939
4092,0.024793504
4093,-0.011636426
4094,-0.019219229
4095,-0.028439783
4096,-0.05525354
4097,-0.0071993615
4098,0.002193979
4099,-0.006470697
4100,-0.011502087
4101,0.027040508
4102,0.006883649
4103,-0.010583749
4104,0.024981532
4105,-0.012597001
4106,0.030370366
4107,-0.015902719
4108,0.019200243
4109,-0.015766732
4110,-0.018873863
4111,0.0064934515
4112,-0.0064274278
4113,-0.0120645715
4114,-0.029584201
4115,0.0022202607
4116,-0.0018101372
4117,-0.028406179
4118,0.00817467
4119,-0.011047272
4120,-0.032023884
4121,0.021355378
4122,0.009884889
4123,-0.019889247
4124,-0.03604863
4125,0.03866292
4126,0.022868672
4127,-0.03306567
4128,-0.019305835
4129,-0.026289575
4130,0.046882905
4131,0.012420903
4132,-0.02051259
4133,-0.047611035
4134,0.037661996
4135,-0.029953029
4136,0.008398981
4137,0.0012650674
4138,-0.007384401
4139,-0.011936706
4140,-0.05997765
4141,0.027043575
4142,0.04369797
4143,0.00915713
4144,-0.012171841
4145,-0.039036166
4146,0.0024937503
4147,0.0025826376
4148,0.03081249
4149,0.049236733
4150,-0.010791725
4151,0.015033348
4152,-0.052493878
4153,-0.015408728
4154,-0.0048246793
4155,-0.016723773
4156,0.00774433
4157,0.012917702
4158,-0.0097214095
4159,0.004569269
4160,0.006155956
4161,-0.017557016
4162,0.020167693
4163,-0.024438014
4164,0.0036896302
4165,-0.0068557323
4166,-0.063842855
4167,-0.029661294
4168,0.046205807
4169,-0.014927012
4170,0.047273267
4171,-0.06192345
4172,0.006051979
4173,0.00523444
4174,-0.022076566
4175,0.0060486495
4176,0.019948896
4177,0.004265808
4178,0.026397064
4179,-0.0043461532
4180,0.0142150335
4181,0.002926622
4182,0.03103197
4183,0.009434191
4184,0.037584472
4185,-0.041692764
4186,0.0059759277
4187,-0.037251838
4188,0.010303215
4189,0.039566703
4190,0.023532812
4191,-0.015937174
4192,-0.009515088
4193,-0.0047560604
4194,-0.0045549604
4195,0.05034087
4196,-0.017136507
4197,0.04982823
4198,0.043139223
4199,0.012159085
4200,0.018215772
4201,-0.024223087
4202,-0.013233491
4203,-0.027404876
4204,-0.031370822
4205,-0.023144435
4206,0.023901278
4207,-0.03922065
4208,-0.019554272
4209,-0.027605351
4210,0.01031186
4211,0.0070229354
4212,0.008137639
4213,0.053960096
4214,0.009509191
4215,0.0169365
4216,-0.043416962
4217,0.022001825
4218,-0.019313153
4219,0.03171502
4220,-0.04232834
4221,-0.03958859
4222,0.011026549
4223,-0.021848535
4224,-0.027590532
4225,0.017441902
4226,0.038245562
4227,0.03166383
4228,-0.032993138
4229,0.045785856
4230,-0.007378206
4231,-0.0019921048
4232,-0.011689895
4233,0.007064295
4234,-0.020370224
4235,0.002560837
4236,-0.0046475586
4237,-0.0033311697
4238,0.0058918456
4239,0.028195603
4240,-0.0059291986
4241,0.017189378
4242,-0.010586754
4243,-0.0143880965
4244,-0.01909892
4245,0.009746389
4246,0.013078912
4247,-0.03386551
4248,-0.04633959
4249,0.011382823
4250,0.006245464
4251,-0.036314566
4252,-0.025714424
4253,-0.037431516
4254,-0.03318779
4255,-0.035215393
4256,-0.009837169
4257,-0.022861743
4258,-0.020154238
4259,0.020520017
4260,0.00046048
4261,-0.008070496
4262,-0.0068444647
4263,0.01731314
4264,0.047052052
4265,0.009948717
4266,0.0026214763
4267,0.011431192
4268,-0.027976282
4269,0.017598521
4270,-0.023584466
4271,-0.023349695
4272,-0.013280063
4273,-0.014530788
4274,0.00024995368
4275,0.00038091035
4276,0.03195243
4277,-0.00632069
4278,-0.009516756
4279,0.028674481
4280,-0.02534382
4281,0.033142634
4282,0.04996903
4283,-0.01053998
4284,0.013611991
4285,-0.026038721
4286,0.00033234747
4287,-0.019984286
4288,0.032868456
4289,0.0015307731
4290,0.0068799676
4291,0.047610402
4292,0.005321008
4293,-0.011428233
4294,0.03376418
4295,-0.007110904
4296,-0.005992526
4297,0.041213445
4298,0.013787745
4299,-0.020901954
4300,0.022107778
4301,0.004870045
4302,-0.0090452805
4303,0.0229824
4304,0.004042647
4305,0.023236368
4306,-0.014849255
4307,-0.010283861
4308,-0.00427469
4309,-0.05183615
4310,0.0063602543
4311,-0.01999162
4312,0.017799944
4313,-0.00820342
4314,0.0025992705
4315,0.053715784
4316,-0.015263379
4317,0.049195725
4318,0.0103138955
4319,-0.0014018025
4320,-0.015027254
4321,0.020656478
4322,-0.007982891
4323,-0.008972391
4324,0.009670715
4325,0.01159093
4326,0.04991084
4327,0.021229232
4328,0.016394591
4329,0.032654505
4330,0.016043786
4331,0.011051237
4332,0.0153707275
4333,0.025554232
4334,-0.0073635336
4335,0.009980819
4336,-0.020085545
4337,3.1486805e-05
4338,-0.04080148
4339,0.013341765
4340,0.0009967475
4341,0.020939082
4342,-0.0029233883
4343,-0.024370603
4344,-0.025064299
4345,-0.03094897
4346,0.01739593
4347,-0.025573837
4348,0.008677872
4349,0.04658945
4350,0.037601322
4351,0.01517311
4352,-0.024537984
4353,-0.02595507
4354,0.017333318
4355,0.0148861
4356,0.020416481
4357,0.023545282
4358,-0.043246813
4359,0.0020467986
4360,-0.031888314
4361,-0.02860293
4362,0.00036590674
4363,-0.014526878
4364,-0.026459552
4365,-0.0050217444
4366,0.020064333
4367,-0.058402438
4368,-0.019634299
4369,0.021495244
4370,0.003982024
4371,-0.022000432
4372,0.020888658
4373,0.079197645
4374,-0.004198308
4375,-0.029095087
4376,-0.027517635
4377,0.008817673
4378,-0.0070058275
4379,0.021455558
4380,0.045297023
4381,-0.006790546
4382,-0.00794501
4383,0.0015708178
4384,0.045369
4385,-0.012942614
4386,0.0149411205
4387,-0.011207577
4388,-0.019004079
4389,0.013933651
4390,-0.0016034878
4391,-0.03484496
4392,0.032456208
4393,-0.019980945
4394,-0.031738713
4395,0.0034891043
4396,0.031044684
4397,-0.029877825
4398,0.008518121
4399,-0.027005155
4400,-0.014279646
4401,0.014715771
4402,-0.037238054
4403,-0.012011077
4404,0.027924173
4405,-0.01420286
4406,-0.012333474
4407,0.020179516
4408,-0.016164392
4409,0.011988565
4410,0.008296965
4411,-0.010601921
4412,-0.01072909
4413,0.00070370454
4414,0.0134017365
4415,0.0052773766
4416,0.016216744
4417,0.011153993
4418,-0.016694386
4419,-0.0395283
4420,0.020213844
4421,-0.0054997876
4422,0.009175162
4423,-0.021655438
4424,-0.013571164
4425,0.03259225
4426,-0.01952965
4427,0.030644009
4428,-0.0095960125
4429,-0.025259467
4430,-0.061756585
4431,-0.059179667
4432,0.02777863
4433,0.002727775
4434,-0.022259226
4435,-0.013806189
4436,-0.0012637812
4437,0.0409711
4438,0.016632358
4439,0.007374761
4440,-0.005425654
4441,-0.0052052946
4442,0.015434159
4443,0.019743683
4444,0.049478143
4445,-0.024866479
4446,-0.04395576
4447,0.029638255
4448,-0.006685109
4449,-0.01072852
4450,0.018346356
4451,0.008285541
4452,0.00091150735
4453,0.008247954
4454,0.027165703
4455,-0.027234016
4456,0.012966967
4457,-0.004435919
4458,-0.023698581
4459,0.038315546
4460,0.0015608501
4461,-0.021767901
4462,-0.015649252
4463,-0.004814699
4464,0.0036135223
4465,-0.01104887
4466,-0.019159077
4467,-0.040007196
4468,-0.0002945811
4469,0.017063502
4470,-0.030396158
4471,0.057885155
4472,0.018013831
4473,-0.016059736
4474,-0.034270126
4475,-0.026892059
4476,-0.017990777
4477,-0.04555368
4478,-0.020331776
4479,-0.012685354
4480,-0.0023925784
4481,0.003709801
4482,0.003868118
4483,0.006780262
4484,0.012081896
4485,0.020907754
4486,0.026112992
4487,0.0026705128
4488,-0.03309861
4489,0.016558368
4490,-0.012469957
4491,0.005032535
4492,-0.014361657
4493,0.03119373
4494,-0.008491458
4495,0.006957303
4496,0.0034249027
4497,-0.063187875
4498,-0.030063262
4499,0.0483693
4500,-0.0011108038
4501,0.013706069
4502,-0.036440857
4503,-0.0051051984
4504,-0.018660637
4505,0.020744152
4506,-0.048656426
4507,0.011781841
4508,-0.0009837226
4509,-0.018764017
4510,0.02932384
4511,0.021353262
4512,-0.041249327
4513,0.0016947351
4514,-0.013114671
4515,0.008651839
4516,0.010911924
4517,0.014033344
4518,0.033888865
4519,-0.038683053
4520,0.003790595
4521,-0.03626893
4522,-0.041506924
4523,-0.04175934
4524,0.00081265473
4525,-0.03861954
4526,-0.004508694
4527,-0.026055919
4528,-0.015409315
4529,-0.021428457
4530,0.01114856
4531,-0.027374413
4532,0.026344549
4533,0.049149197
4534,-0.0062069544
4535,-0.0066801836
4536,0.00062925305
4537,-0.0139068095
4538,-0.03548164
4539,-0.023258511
4540,-0.050709758
4541,0.047256496
4542,0.009686985
4543,-0.044204798
4544,0.0021938977
4545,0.015334659
4546,0.011743719
4547,0.039918948
4548,-0.022014251
4549,0.05840075
4550,-0.041219454
4551,0.014778354
4552,0.050423037
4553,0.017624607
4554,0.020903848
4555,0.0109428605
4556,-0.0069261463
4557,-0.014375567
4558,-0.024455933
4559,0.026241945
4560,-0.02603769
4561,0.04293164
4562,-0.0027368271
4563,0.0028731055
4564,-0.0018835687
4565,0.006099431
4566,-0.0012297374
4567,0.04100338
4568,0.013249724
4569,0.0120646525
4570,0.012605014
4571,0.00026602705
4572,0.0037388694
4573,-0.0028011624
4574,0.050930858
4575,-0.009653681
4576,0.020757692
4577,0.0036715944
4578,-0.009388828
4579,0.009845913
4580,0.018052556
4581,-0.0031841022
4582,0.0026314713
4583,0.021943858
4584,0.03264016
4585,-0.00043250658
4586,0.005992061
4587,0.032789104
4588,0.010853955
4589,-0.016339539
4590,-0.028549159
4591,-0.025582803
4592,-0.014448794
4593,0.043242853
4594,0.02741652
4595,-0.03435306
4596,-0.028067129
4597,-0.016509889
4598,-0.0071447743
4599,0.02591801
4600,-0.015722796
4601,-0.023149498
4602,-0.017650673
4603,-0.0034382583
4604,-0.0091035655
4605,-0.00851024
4606,-0.035583165
4607,-0.0062251817
4608,-0.0055918097
4609,-0.04059641
4610,-0.0071455967
4611,0.012043967
4612,-0.02010384
4613,-0.021061542
4614,0.029811263
4615,0.0060823886
4616,0.02106554
4617,-0.02623466
4618,0.0044471836
4619,0.0012249121
4620,0.00023608684
4621,0.010537865
4622,0.043152418
4623,0.0144307995
4624,0.013671401
4625,0.0019679943
4626,0.048230924
4627,-0.064589664
4628,0.02069018
4629,-0.036842756
4630,0.008053594
4631,0.0007093216
4632,0.021849241
4633,-0.0005255585
4634,0.006780167
4635,-0.034759417
4636,0.005210177
4637,0.018525386
4638,-0.014399397
4639,0.042347543
4640,0.018695762
4641,-0.007814071
4642,0.0023966779
4643,0.02821232
4644,0.012212246
4645,-0.024237335
4646,0.0032878928
4647,-0.0123658795
4648,-0.019622236
4649,-0.00748262
4650,0.004115122
4651,0.026277632
4652,0.0070221676
4653,0.029456738
4654,0.014064897
4655,-0.007396808
4656,-0.025709055
4657,0.011446092
4658,-0.005781762
4659,0.014998107
4660,-0.006474209
4661,0.005658907
4662,0.027230589
4663,0.013236041
4664,-0.025751607
4665,0.019088306
4666,0.024458367
4667,0.009461557
4668,-0.013862344
4669,0.03726111
4670,0.027494919
4671,0.036201887
4672,-0.0023584368
4673,-0.013227361
4674,0.019619204
4675,-0.0010597835
4676,0.010949307
4677,-0.030046409
4678,-0.0047816383
4679,-0.027224667
4680,-0.05848786
4681,-0.015190165
4682,-0.029550971
4683,-0.02876506
4684,0.0048697586
4685,0.04926698
4686,0.013734213
4687,0.019529711
4688,-0.0058892807
4689,-0.019479891
4690,0.018175092
4691,-0.018880546
4692,0.014151658
4693,-0.0255915
4694,0.0026958592
4695,0.016863935
4696,-0.0019904624
4697,0.03131136
4698,0.030162191
4699,-0.013045309
4700,-0.028601745
4701,0.013866542
4702,-0.013718878
4703,0.04299615
4704,-0.06014431
4705,-0.01985118
4706,0.07744013
4707,0.0008892402
4708,0.014546895
4709,-0.001049345
4710,-0.011310654
4711,-0.012766674
4712,0.0030913732
4713,-0.010361076
4714,0.038492337
4715,-0.0076608416
4716,0.01457651
4717,-0.034588505
4718,0.005014814
4719,-0.022376165
4720,-0.027831176
4721,0.002719193
4722,-0.05376954
4723,0.019486638
4724,-0.007321718
4725,0.023024505
4726,0.032176692
4727,0.0151178045
4728,-0.0029656335
4729,0.02226412
4730,0.009833531
4731,0.014319586
4732,-0.013397853
4733,-0.004381697
4734,0.0039684186
4735,0.019981401
4736,0.00511719
4737,0.0037213026
4738,-0.021155966
4739,-0.008218131
4740,0.009301818
4741,-0.0030175503
4742,0.02120695
4743,0.01128629
4744,0.034038454
4745,-0.0136013385
4746,0.017365705
4747,-0.01470466
4748,0.006996623
4749,-0.0041962364
4750,0.011790654
4751,-2.2778113e-06
4752,0.025599709
4753,-0.03828449
4754,-0.01411698
4755,-0.0062276027
4756,0.0052179713
4757,-0.0071754726
4758,0.03944885
4759,0.0050163656
4760,0.0055261315
4761,0.004323762
4762,-0.014936616
4763,-0.016416503
4764,0.009098538
4765,-0.041676443
4766,-0.014622943
4767,0.03100145
4768,0.021016845
4769,-0.036703806
4770,0.031773154
4771,0.038414948
4772,0.02665576
4773,0.015775088
4774,0.05895608
4775,-0.011716828
4776,-0.022454914
4777,-0.02419911
4778,-0.0012881922
4779,0.040880352
4780,0.04588889
4781,-0.0035601044
4782,-0.023285603
4783,-0.031702947
4784,0.013917645
4785,0.023319114
4786,-0.030286497
4787,-0.017414667
4788,0.010056168
4789,-0.0068941386
4790,0.03187268
4791,-0.020983882
4792,-0.020111965
4793,0.0018007682
4794,-0.0038974534
4795,-0.00028705585
4796,0.009634493
4797,0.042610336
4798,0.009204817
4799,-0.06712408
